sistema,ano,comparacao,z,p_valor,p_bonferroni,p_bonferroni_global
SIH,2010,Baía da Ilha Grande - Baixada Litorânea,0.5954599815568657,0.55153604152370606,1,1
SIH,2010,Baía da Ilha Grande - Centro-Sul,0.31669368445858775,0.751476041395615,1,1
SIH,2010,Baixada Litorânea - Centro-Sul,-0.41033287892728226,0.6815617764391361,1,1
SIH,2010,Baía da Ilha Grande - Médio Paraíba,0.3577761032621534,0.7205108752532459,1,1
SIH,2010,Baixada Litorânea - Médio Paraíba,-0.37609968810419026,0.7068427861833193,1,1
SIH,2010,Centro-Sul - Médio Paraíba,0.05247902624709647,0.9581470069326392,1,1
SIH,2010,Baía da Ilha Grande - Metropolitana I,1.0491542487552337,0.29410713162505403,1,1
SIH,2010,Baixada Litorânea - Metropolitana I,0.6661920831923064,0.5052883325422677,1,1
SIH,2010,Centro-Sul - Metropolitana I,1.0947707975435932,0.2736170631038117,1,1
SIH,2010,Médio Paraíba - Metropolitana I,1.0931648321107057,0.274321434838556,1,1
SIH,2010,Baía da Ilha Grande - Metropolitana II,0.3308109331039692,0.7407873020152501,1,1
SIH,2010,Baixada Litorânea - Metropolitana II,-0.3731250407561832,0.7090553824605832,1,1
SIH,2010,Centro-Sul - Metropolitana II,0.02626365578138189,0.9790470433898727,1,1
SIH,2010,Médio Paraíba - Metropolitana II,-0.023591467923836394,0.9811784778691949,1,1
SIH,2010,Metropolitana I - Metropolitana II,-1.0356654418564146,0.30035824997739874,1,1
SIH,2010,Baía da Ilha Grande - Noroeste,1.1274071397257701,0.25957038177040176,1,1
SIH,2010,Baixada Litorânea - Noroeste,0.7848817997336086,0.4325228740001726,1,1
SIH,2010,Centro-Sul - Noroeste,1.2211555400741918,0.22202713419011685,1,1
SIH,2010,Médio Paraíba - Noroeste,1.2269547914249606,0.21983958319067826,1,1
SIH,2010,Metropolitana I - Noroeste,0.11214102932378676,0.9107115858838088,1,1
SIH,2010,Metropolitana II - Noroeste,1.1566979350050397,0.24739579366826447,1,1
SIH,2010,Baía da Ilha Grande - Norte,0.06241715718942796,0.9502306321381284,1,1
SIH,2010,Baixada Litorânea - Norte,-0.7625516609628795,0.44573082239326056,1,1
SIH,2010,Centro-Sul - Norte,-0.3631629644253144,0.7164831517704129,1,1
SIH,2010,Médio Paraíba - Norte,-0.4293647162138213,0.6676578269913311,1,1
SIH,2010,Metropolitana I - Norte,-1.4414386901463996,0.14946078643077898,1,1
SIH,2010,Metropolitana II - Norte,-0.3795661179548696,0.7042675157025009,1,1
SIH,2010,Noroeste - Norte,-1.569329808436959,0.11657111007563607,1,1
SIH,2010,Baía da Ilha Grande - Serrana,1.4898391885199718,0.13626652426497046,1,1
SIH,2010,Baixada Litorânea - Serrana,1.3425520733259972,0.17941705807381048,1,1
SIH,2010,Centro-Sul - Serrana,1.7857622380524811,0.07413776332183963,1,1
SIH,2010,Médio Paraíba - Serrana,1.8223423177040747,0.06840306097830658,1,1
SIH,2010,Metropolitana I - Serrana,0.6879115589840634,0.4915084770663344,1,1
SIH,2010,Metropolitana II - Serrana,1.702315344527856,0.08869626985464724,1,1
SIH,2010,Noroeste - Serrana,0.586062976662298,0.557833194985196,1,1
SIH,2010,Norte - Serrana,2.121111354910271,0.033912432616937896,1,1
SIH,2011,Baía da Ilha Grande - Baixada Litorânea,-1.179541746905639,0.23818252346984867,1,1
SIH,2011,Baía da Ilha Grande - Centro-Sul,-0.32048642319461895,0.7485996207857036,1,1
SIH,2011,Baixada Litorânea - Centro-Sul,1.2644951983269315,0.2060523430744218,1,1
SIH,2011,Baía da Ilha Grande - Médio Paraíba,-0.5318293426869852,0.5948441980408039,1,1
SIH,2011,Baixada Litorânea - Médio Paraíba,1.0116790059856904,0.3116915566429402,1,1
SIH,2011,Centro-Sul - Médio Paraíba,-0.3090431545662345,0.7572886998746677,1,1
SIH,2011,Baía da Ilha Grande - Metropolitana I,-1.1361808684676498,0.25588087567068235,1,1
SIH,2011,Baixada Litorânea - Metropolitana I,0.10058480030693454,0.919880063104369,1,1
SIH,2011,Centro-Sul - Metropolitana I,-1.2201373602449903,0.22241280786937448,1,1
SIH,2011,Médio Paraíba - Metropolitana I,-0.955563664432435,0.3392927263503332,1,1
SIH,2011,Baía da Ilha Grande - Metropolitana II,-0.22470176588194146,0.8222112907633199,1,1
SIH,2011,Baixada Litorânea - Metropolitana II,1.3638988140262431,0.17259941415423774,1,1
SIH,2011,Centro-Sul - Metropolitana II,0.1331295655125217,0.8940909133590274,1,1
SIH,2011,Médio Paraíba - Metropolitana II,0.4388013033833561,0.6608055158205854,1,1
SIH,2011,Metropolitana I - Metropolitana II,1.323481350527218,0.1856753542057632,1,1
SIH,2011,Baía da Ilha Grande - Noroeste,-0.22638095491833976,0.8209051392418063,1,1
SIH,2011,Baixada Litorânea - Noroeste,1.5012747862269367,0.13328450364635244,1,1
SIH,2011,Centro-Sul - Noroeste,0.15683938232024075,0.8753714343185781,1,1
SIH,2011,Médio Paraíba - Noroeste,0.4953395199007907,0.620360478864045,1,1
SIH,2011,Metropolitana I - Noroeste,1.4698270741850337,0.1416085944936542,1,1
SIH,2011,Metropolitana II - Noroeste,0.011072411630552045,0.9911656742217166,1,1
SIH,2011,Baía da Ilha Grande - Norte,-1.2795517223832777,0.20070283807758296,1,1
SIH,2011,Baixada Litorânea - Norte,-0.16663836771635374,0.867654602692657,1,1
SIH,2011,Centro-Sul - Norte,-1.3974076162300753,0.1622910301361905,1,1
SIH,2011,Médio Paraíba - Norte,-1.1559819282679797,0.2476885489991582,1,1
SIH,2011,Metropolitana I - Norte,-0.2713018811241176,0.7861588597802592,1,1
SIH,2011,Metropolitana II - Norte,-1.4917831147528595,0.1357560118619304,1,1
SIH,2011,Noroeste - Norte,-1.6328116351187925,0.10250861923780048,1,1
SIH,2011,Baía da Ilha Grande - Serrana,-0.019621588559999768,0.984345241967215,1,1
SIH,2011,Baixada Litorânea - Serrana,1.8452015021265864,0.06500823208674539,1,1
SIH,2011,Centro-Sul - Serrana,0.479390586336809,0.6316607891518955,1,1
SIH,2011,Médio Paraíba - Serrana,0.8409067162539947,0.4004001955648226,1,1
SIH,2011,Metropolitana I - Serrana,1.8325419948554031,0.06687071107869913,1,1
SIH,2011,Metropolitana II - Serrana,0.32140158936324836,0.7479060788259079,1,1
SIH,2011,Noroeste - Serrana,0.3440515560351137,0.7308075139863155,1,1
SIH,2011,Norte - Serrana,1.9673673045871578,0.04914088084898538,1,1
SIH,2012,Baía da Ilha Grande - Baixada Litorânea,0.47978145010792056,0.6313828043741686,1,1
SIH,2012,Baía da Ilha Grande - Centro-Sul,1.134028882073267,0.25678243311644516,1,1
SIH,2012,Baixada Litorânea - Centro-Sul,0.9630261444211728,0.33553440314236826,1,1
SIH,2012,Baía da Ilha Grande - Médio Paraíba,2.1224825585416944,0.033797235818663576,1,1
SIH,2012,Baixada Litorânea - Médio Paraíba,2.4621409814262702,0.013811036664019147,0.4971973199046893,1
SIH,2012,Centro-Sul - Médio Paraíba,1.4562929783569234,0.14531164577390815,1,1
SIH,2012,Baía da Ilha Grande - Metropolitana I,0.5366641548932299,0.5914996203165208,1,1
SIH,2012,Baixada Litorânea - Metropolitana I,0.07142978572521413,0.943055704566995,1,1
SIH,2012,Centro-Sul - Metropolitana I,-0.9344182173441326,0.35008820420549625,1,1
SIH,2012,Médio Paraíba - Metropolitana I,-2.50739905547071,0.012162331538284343,0.43784393537823635,1
SIH,2012,Baía da Ilha Grande - Metropolitana II,1.7913724113365888,0.07323355309957344,1,1
SIH,2012,Baixada Litorânea - Metropolitana II,1.9118130122240367,0.05590018217175624,1,1
SIH,2012,Centro-Sul - Metropolitana II,0.9744721938195469,0.3298221389570287,1,1
SIH,2012,Médio Paraíba - Metropolitana II,-0.39869580791283377,0.6901173571151304,1,1
SIH,2012,Metropolitana I - Metropolitana II,1.922704635792661,0.054517154323855455,1,1
SIH,2012,Baía da Ilha Grande - Noroeste,1.1304055629697216,0.25830537112149565,1,1
SIH,2012,Baixada Litorânea - Noroeste,0.9704864836147671,0.331804059003337,1,1
SIH,2012,Centro-Sul - Noroeste,-0.05342127432741851,0.9573962549512527,1,1
SIH,2012,Médio Paraíba - Noroeste,-1.6137513898947065,0.10658136222976225,1,1
SIH,2012,Metropolitana I - Noroeste,0.9433039525471475,0.3455254547450143,1,1
SIH,2012,Metropolitana II - Noroeste,-1.0843581790187644,0.2782060188692905,1,1
SIH,2012,Baía da Ilha Grande - Norte,0.14355946153568452,0.8858483539858432,1,1
SIH,2012,Baixada Litorânea - Norte,-0.4790853071845172,0.631877941842837,1,1
SIH,2012,Centro-Sul - Norte,-1.416426125589007,0.15665077924606172,1,1
SIH,2012,Médio Paraíba - Norte,-2.88995482066995,0.0038529719620886537,0.13870699063519154,1
SIH,2012,Metropolitana I - Norte,-0.5685543769644553,0.5696585936652219,1,1
SIH,2012,Metropolitana II - Norte,-2.330359421862455,0.019787162557589076,0.7123378520732068,1
SIH,2012,Noroeste - Norte,-1.4490096020516232,0.1473349010733431,1,1
SIH,2012,Baía da Ilha Grande - Serrana,1.4197620865199727,0.1556769560911095,1,1
SIH,2012,Baixada Litorânea - Serrana,1.4187893902906104,0.15596042677497327,1,1
SIH,2012,Centro-Sul - Serrana,0.37860226899376015,0.7049832369731217,1,1
SIH,2012,Médio Paraíba - Serrana,-1.1865624419379142,0.23540025787053315,1,1
SIH,2012,Metropolitana I - Serrana,1.4154885291121821,0.15692530930763693,1,1
SIH,2012,Metropolitana II - Serrana,-0.6810652726983127,0.49583018971816284,1,1
SIH,2012,Noroeste - Serrana,0.4653243871220247,0.6416991731578956,1,1
SIH,2012,Norte - Serrana,1.8901474422076763,0.058738243585706916,1,1
SIH,2013,Baía da Ilha Grande - Baixada Litorânea,0.6978639274297028,0.4852622953797745,1,1
SIH,2013,Baía da Ilha Grande - Centro-Sul,1.0904123866089106,0.27553152795706004,1,1
SIH,2013,Baixada Litorânea - Centro-Sul,0.5778156866527037,0.5633885634038588,1,1
SIH,2013,Baía da Ilha Grande - Médio Paraíba,2.175665492810393,0.029580282246188076,1,1
SIH,2013,Baixada Litorânea - Médio Paraíba,2.2070346038362185,0.027311641898909757,0.9832191083607512,1
SIH,2013,Centro-Sul - Médio Paraíba,1.6035258019946104,0.10881861729039995,1,1
SIH,2013,Baía da Ilha Grande - Metropolitana I,0.10153105633115168,0.9191289055450393,1,1
SIH,2013,Baixada Litorânea - Metropolitana I,-0.919840710053272,0.3576560058900199,1,1
SIH,2013,Centro-Sul - Metropolitana I,-1.5233495118948799,0.12767128617028442,1,1
SIH,2013,Médio Paraíba - Metropolitana I,-3.2794944963321178,0.0010399323858208617,0.03743756588955102,1
SIH,2013,Baía da Ilha Grande - Metropolitana II,1.1235088294097073,0.2612214527991267,1,1
SIH,2013,Baixada Litorânea - Metropolitana II,0.6303277387531642,0.5284801780627439,1,1
SIH,2013,Centro-Sul - Metropolitana II,0.06792324771047047,0.9458467324900565,1,1
SIH,2013,Médio Paraíba - Metropolitana II,-1.4862624792016883,0.13720970707546284,1,1
SIH,2013,Metropolitana I - Metropolitana II,1.5499594425960466,0.12115125081713533,1,1
SIH,2013,Baía da Ilha Grande - Noroeste,0.8890324918316247,0.3739856178856143,1,1
SIH,2013,Baixada Litorânea - Noroeste,0.2616272665778695,0.7936088203351128,1,1
SIH,2013,Centro-Sul - Noroeste,-0.3527173881874417,0.7243003222743166,1,1
SIH,2013,Médio Paraíba - Noroeste,-2.085703208492675,0.037005515633516985,1,1
SIH,2013,Metropolitana I - Noroeste,1.2587380778108468,0.20812495297169814,1,1
SIH,2013,Metropolitana II - Noroeste,-0.41410819498265955,0.6787948714271733,1,1
SIH,2013,Baía da Ilha Grande - Norte,-0.9362573578414226,0.34914069764428024,1,1
SIH,2013,Baixada Litorânea - Norte,-2.3582951605075277,0.018359088921437547,0.6609272011717517,1
SIH,2013,Centro-Sul - Norte,-2.9206996515502213,0.0034924634166222214,0.12572868299839998,1
SIH,2013,Médio Paraíba - Norte,-4.600336245148083,4.2180950518581226e-6,1.518514218668924e-4,0.004707394077873665
SIH,2013,Metropolitana I - Norte,-1.5641143233503483,0.11779072281525309,1,1
SIH,2013,Metropolitana II - Norte,-2.9129492773280683,0.0035803275223668567,0.12889179080520685,1
SIH,2013,Noroeste - Norte,-2.7526015313553245,0.005912380992862346,0.21284571574304445,1
SIH,2013,Baía da Ilha Grande - Serrana,0.833917513799984,0.40432746728378244,1,1
SIH,2013,Baixada Litorânea - Serrana,0.1718570026490447,0.8635499504811158,1,1
SIH,2013,Centro-Sul - Serrana,-0.4522552701290653,0.651085095473444,1,1
SIH,2013,Médio Paraíba - Serrana,-2.2212630240671554,0.02633315172164529,0.9479934619792305,1
SIH,2013,Metropolitana I - Serrana,1.1820292520928788,0.23719409418181145,1,1
SIH,2013,Metropolitana II - Serrana,-0.511320710350623,0.6091265053872383,1,1
SIH,2013,Noroeste - Serrana,-0.10097165231465306,0.9195729633195896,1,1
SIH,2013,Norte - Serrana,2.702695183281863,0.006877978904338495,0.2476072405561858,1
SIH,2014,Baía da Ilha Grande - Baixada Litorânea,-0.0018963693680157934,0.9984869170665764,1,1
SIH,2014,Baía da Ilha Grande - Centro-Sul,-0.8211279363507104,0.41157339883670563,1,1
SIH,2014,Baixada Litorânea - Centro-Sul,-1.2058762156230338,0.2278652226407907,1,1
SIH,2014,Baía da Ilha Grande - Médio Paraíba,0.25141023472475627,0.8014969556101211,1,1
SIH,2014,Baixada Litorânea - Médio Paraíba,0.38193069102053456,0.7025127747192548,1,1
SIH,2014,Centro-Sul - Médio Paraíba,1.6414273209508468,0.10070874242160331,1,1
SIH,2014,Baía da Ilha Grande - Metropolitana I,-0.7010477699055713,0.48327320391801193,1,1
SIH,2014,Baixada Litorânea - Metropolitana I,-1.0539537771291847,0.2919040800353851,1,1
SIH,2014,Centro-Sul - Metropolitana I,0.20554285280112747,0.8371480210476339,1,1
SIH,2014,Médio Paraíba - Metropolitana I,-1.5059683351455178,0.13207530253719785,1,1
SIH,2014,Baía da Ilha Grande - Metropolitana II,-0.04369201003259977,0.9651499082067189,1,1
SIH,2014,Baixada Litorânea - Metropolitana II,-0.06067810128801975,0.9516155721792083,1,1
SIH,2014,Centro-Sul - Metropolitana II,1.1130356191489064,0.26569313201510497,1,1
SIH,2014,Médio Paraíba - Metropolitana II,-0.43408300979858805,0.664228162805824,1,1
SIH,2014,Metropolitana I - Metropolitana II,0.9601727445001387,0.33696828179074256,1,1
SIH,2014,Baía da Ilha Grande - Noroeste,-0.21288805032055777,0.831414283207803,1,1
SIH,2014,Baixada Litorânea - Noroeste,-0.32121253409691275,0.7480493342069452,1,1
SIH,2014,Centro-Sul - Noroeste,0.9608980497611282,0.3366034314891003,1,1
SIH,2014,Médio Paraíba - Noroeste,-0.7460077030951372,0.4556627617687781,1,1
SIH,2014,Metropolitana I - Noroeste,0.7897846824568298,0.4296535260945607,1,1
SIH,2014,Metropolitana II - Noroeste,-0.24728385974900347,0.8046885490363059,1,1
SIH,2014,Baía da Ilha Grande - Norte,-1.454319762513677,0.14585767385846804,1,1
SIH,2014,Baixada Litorânea - Norte,-2.107431965630191,0.03508015321817542,1,1
SIH,2014,Centro-Sul - Norte,-0.9337182451932647,0.3504492509601404,1,1
SIH,2014,Médio Paraíba - Norte,-2.566751710113392,0.010265608886475987,0.36956191991313553,1
SIH,2014,Metropolitana I - Norte,-1.1724959558146655,0.2409979948495818,1,1
SIH,2014,Metropolitana II - Norte,-1.994928899018617,0.04605063510015716,1,1
SIH,2014,Noroeste - Norte,-1.9214324982885254,0.05467720474210045,1,1
SIH,2014,Baía da Ilha Grande - Serrana,-0.04905397139999921,0.9608762847173119,1,1
SIH,2014,Baixada Litorânea - Serrana,-0.07236084322065019,0.9423147456542914,1,1
SIH,2014,Centro-Sul - Serrana,1.2301343347510578,0.21864680456067362,1,1
SIH,2014,Médio Paraíba - Serrana,-0.49185109818629846,0.622824610584976,1,1
SIH,2014,Metropolitana I - Serrana,1.0709661008895213,0.2841846722587872,1,1
SIH,2014,Metropolitana II - Serrana,-0.004869721050958451,0.9961145401147808,1,1
SIH,2014,Noroeste - Serrana,0.2729974303322096,0.784855190875583,1,1
SIH,2014,Norte - Serrana,2.196244193982199,0.028074469709921456,1,1
SIH,2015,Baía da Ilha Grande - Baixada Litorânea,0.04551286483237177,0.9636985208716642,1,1
SIH,2015,Baía da Ilha Grande - Centro-Sul,0.8135424588786481,0.4159071132184788,1,1
SIH,2015,Baixada Litorânea - Centro-Sul,1.1305089521465943,0.25826182841887196,1,1
SIH,2015,Baía da Ilha Grande - Médio Paraíba,0.23690579810602072,0.8127298717823975,1,1
SIH,2015,Baixada Litorânea - Médio Paraíba,0.28717689362994436,0.773976877713223,1,1
SIH,2015,Centro-Sul - Médio Paraíba,-0.8936011969297234,0.3715353057310622,1,1
SIH,2015,Baía da Ilha Grande - Metropolitana I,0.1982273004560579,0.8428672286025651,1,1
SIH,2015,Baixada Litorânea - Metropolitana I,0.22886686446650356,0.8189723953690088,1,1
SIH,2015,Centro-Sul - Metropolitana I,-0.9519112260931643,0.341142005700186,1,1
SIH,2015,Médio Paraíba - Metropolitana I,-0.06115607452367629,0.9512349116682154,1,1
SIH,2015,Baía da Ilha Grande - Metropolitana II,-0.012483431437885592,0.9900399214804416,1,1
SIH,2015,Baixada Litorânea - Metropolitana II,-0.08331918385817658,0.9335977468169702,1,1
SIH,2015,Centro-Sul - Metropolitana II,-1.183675796767795,0.23654142337366404,1,1
SIH,2015,Médio Paraíba - Metropolitana II,-0.3656677528194632,0.7146130115702024,1,1
SIH,2015,Metropolitana I - Metropolitana II,-0.3090482298022556,0.7572848392575032,1,1
SIH,2015,Baía da Ilha Grande - Noroeste,0.9624938613084368,0.3358015853228228,1,1
SIH,2015,Baixada Litorânea - Noroeste,1.3944322375721003,0.16318711880246486,1,1
SIH,2015,Centro-Sul - Noroeste,0.19245356520518683,0.8473869375393409,1,1
SIH,2015,Médio Paraíba - Noroeste,1.1579910568140757,0.24686768603661202,1,1
SIH,2015,Metropolitana I - Noroeste,1.2203582602882677,0.22232909300143053,1,1
SIH,2015,Metropolitana II - Noroeste,1.440889833522551,0.14961580868693805,1,1
SIH,2015,Baía da Ilha Grande - Norte,-0.6616218662079388,0.5082135903292033,1,1
SIH,2015,Baixada Litorânea - Norte,-1.0251882187766979,0.3052743860657666,1,1
SIH,2015,Centro-Sul - Norte,-2.1255448316863164,0.03354117737659799,1,1
SIH,2015,Médio Paraíba - Norte,-1.3470728184510545,0.17795678141592208,1,1
SIH,2015,Metropolitana I - Norte,-1.290453295433847,0.19689331790004116,1,1
SIH,2015,Metropolitana II - Norte,-0.918020378309452,0.35860819722207427,1,1
SIH,2015,Noroeste - Norte,-2.438883201823007,0.014732729163224767,0.5303782498760916,1
SIH,2015,Baía da Ilha Grande - Serrana,0.6685355530799871,0.5037917952366655,1,1
SIH,2015,Baixada Litorânea - Serrana,0.954904698929655,0.3396258932818261,1,1
SIH,2015,Centro-Sul - Serrana,-0.2661845304188213,0.7900970963203566,1,1
SIH,2015,Médio Paraíba - Serrana,0.6924447488290973,0.4886580720115777,1,1
SIH,2015,Metropolitana I - Serrana,0.755909406659588,0.44970351370121325,1,1
SIH,2015,Metropolitana II - Serrana,1.0149890019068821,0.3101110701367494,1,1
SIH,2015,Noroeste - Serrana,-0.49631039682705064,0.6196754320799696,1,1
SIH,2015,Norte - Serrana,2.027890980506211,0.042571375887096016,1,1
SIH,2016,Baía da Ilha Grande - Baixada Litorânea,-1.06955232356074,0.2848208650363193,1,1
SIH,2016,Baía da Ilha Grande - Centro-Sul,-0.7509622697341369,0.45267536305087014,1,1
SIH,2016,Baixada Litorânea - Centro-Sul,0.46895186163117936,0.6391040450470459,1,1
SIH,2016,Baía da Ilha Grande - Médio Paraíba,-0.6285255868118915,0.5296596903975841,1,1
SIH,2016,Baixada Litorânea - Médio Paraíba,0.6968048485031122,0.48592493141383175,1,1
SIH,2016,Centro-Sul - Médio Paraíba,0.2070006035302134,0.8360093871585348,1,1
SIH,2016,Baía da Ilha Grande - Metropolitana I,-0.8412573238866853,0.4002037929113797,1,1
SIH,2016,Baixada Litorânea - Metropolitana I,0.37609968810419026,0.7068427861833193,1,1
SIH,2016,Centro-Sul - Metropolitana I,-0.1137045568687085,0.9094720000938838,1,1
SIH,2016,Médio Paraíba - Metropolitana I,-0.336358409880217,0.7366006083095562,1,1
SIH,2016,Baía da Ilha Grande - Metropolitana II,-0.6803470133647674,0.49628476289320755,1,1
SIH,2016,Baixada Litorânea - Metropolitana II,0.5451972682893742,0.5856178501083944,1,1
SIH,2016,Centro-Sul - Metropolitana II,0.08875304367501446,0.9292781760708427,1,1
SIH,2016,Médio Paraíba - Metropolitana II,-0.10852075244964716,0.9135826196512848,1,1
SIH,2016,Metropolitana I - Metropolitana II,0.20288662414499214,0.839223649246385,1,1
SIH,2016,Baía da Ilha Grande - Noroeste,-0.5667019931068368,0.5709166664995264,1,1
SIH,2016,Baixada Litorânea - Noroeste,0.8109075487649146,0.4174187649115208,1,1
SIH,2016,Centro-Sul - Noroeste,0.31230898837567683,0.7548057097151845,1,1
SIH,2016,Médio Paraíba - Noroeste,0.10674386748467413,0.9149921801768391,1,1
SIH,2016,Metropolitana I - Noroeste,0.44976348659272747,0.6528809885704996,1,1
SIH,2016,Metropolitana II - Noroeste,0.2088994994297553,0.8345266949376866,1,1
SIH,2016,Baía da Ilha Grande - Norte,-0.04993372575154237,0.9601752015526386,1,1
SIH,2016,Baixada Litorânea - Norte,1.4598970041237078,0.1443183827338986,1,1
SIH,2016,Centro-Sul - Norte,1.003452779509348,0.31564244943730396,1,1
SIH,2016,Médio Paraíba - Norte,0.844574551673341,0.39834842259864994,1,1
SIH,2016,Metropolitana I - Norte,1.1559819282679802,0.247688548999158,1,1
SIH,2016,Metropolitana II - Norte,0.8915390212428336,0.37264006725435644,1,1
SIH,2016,Noroeste - Norte,0.7603055986312647,0.4470719360931499,1,1
SIH,2016,Baía da Ilha Grande - Serrana,-0.416257985879992,0.6772212327461071,1,1
SIH,2016,Baixada Litorânea - Serrana,1.0608616479313218,0.28875278086013406,1,1
SIH,2016,Centro-Sul - Serrana,0.554335745386769,0.5793490913779211,1,1
SIH,2016,Médio Paraíba - Serrana,0.35812199775776626,0.7202520175029372,1,1
SIH,2016,Metropolitana I - Serrana,0.7071776158254619,0.4794561071319724,1,1
SIH,2016,Metropolitana II - Serrana,0.44175326676550447,0.6586677595378136,1,1
SIH,2016,Noroeste - Serrana,0.25483321774650525,0.7988519179967281,1,1
SIH,2016,Norte - Serrana,-0.5419303855280752,0.5878664635168327,1,1
SIH,2017,Baía da Ilha Grande - Baixada Litorânea,-0.5461543779884632,0.5849598233600007,1,1
SIH,2017,Baía da Ilha Grande - Centro-Sul,-0.6997602967977182,0.4840770135398797,1,1
SIH,2017,Baixada Litorânea - Centro-Sul,-0.2261017904293185,0.8211222520863682,1,1
SIH,2017,Baía da Ilha Grande - Médio Paraíba,0.1788880516310769,0.8580256048696517,1,1
SIH,2017,Baixada Litorânea - Médio Paraíba,1.1093483048344537,0.2672799541471241,1,1
SIH,2017,Centro-Sul - Médio Paraíba,1.3455039229463868,0.17846255529630933,1,1
SIH,2017,Baía da Ilha Grande - Metropolitana I,-1.21837267597382,0.22308238367174,1,1
SIH,2017,Baixada Litorânea - Metropolitana I,-0.9971014986948304,0.3187152456527522,1,1
SIH,2017,Centro-Sul - Metropolitana I,-0.7609458805828972,0.4466893929226133,1,1
SIH,2017,Médio Paraíba - Metropolitana I,-2.2092631921677905,0.02715633979143555,0.9776282324916798,1
SIH,2017,Baía da Ilha Grande - Metropolitana II,0.19973490300617028,0.8416879151009424,1,1
SIH,2017,Baixada Litorânea - Metropolitana II,1.0722816705226244,0.28359353702468965,1,1
SIH,2017,Centro-Sul - Metropolitana II,1.2923529931045477,0.19623492771691456,1,1
SIH,2017,Médio Paraíba - Metropolitana II,0.04010549547052169,0.9680090205764237,1,1
SIH,2017,Metropolitana I - Metropolitana II,2.085485764467131,0.03702522902028864,1,1
SIH,2017,Baía da Ilha Grande - Noroeste,-0.4722516609223641,0.6367471692409491,1,1
SIH,2017,Baixada Litorânea - Noroeste,0.1356078502157542,0.892131299211825,1,1
SIH,2017,Centro-Sul - Noroeste,0.3760035846891365,0.7069142310518098,1,1
SIH,2017,Médio Paraíba - Noroeste,-1.0440509735439187,0.2964618067574507,1,1
SIH,2017,Metropolitana I - Noroeste,1.2089642519612513,0.22667657952414516,1,1
SIH,2017,Metropolitana II - Noroeste,-1.0046368152787875,0.31507176312346064,1,1
SIH,2017,Baía da Ilha Grande - Norte,0.14980117725462752,0.8809214805247262,1,1
SIH,2017,Baixada Litorânea - Norte,0.9998302062981224,0.31739268504903034,1,1
SIH,2017,Centro-Sul - Norte,1.2199015288800457,0.22250220619207123,1,1
SIH,2017,Médio Paraíba - Norte,-0.03538720188575489,0.9717709897370383,1,1
SIH,2017,Metropolitana I - Norte,2.009993067110855,0.04443192263025439,1,1
SIH,2017,Metropolitana II - Norte,-0.07061695217765046,0.9437026182086351,1,1
SIH,2017,Noroeste - Norte,0.9278680946402905,0.35347599628103427,1,1
SIH,2017,Baía da Ilha Grande - Serrana,-0.8703576068399834,0.38410500645407325,1,1
SIH,2017,Baixada Litorânea - Serrana,-0.4690533230195732,0.6390315219386615,1,1
SIH,2017,Centro-Sul - Serrana,-0.22483547714987834,0.8221072657962448,1,1
SIH,2017,Médio Paraíba - Serrana,-1.701079489349388,0.08892806179957857,1,1
SIH,2017,Metropolitana I - Serrana,0.591581274777069,0.5541310159645814,1,1
SIH,2017,Metropolitana II - Serrana,-1.607703621252094,0.10790010510194875,1,1
SIH,2017,Noroeste - Serrana,-0.6523089284454556,0.5142019014183548,1,1
SIH,2017,Norte - Serrana,-1.5297880844367608,0.12606919195466845,1,1
SIH,2018,Baía da Ilha Grande - Baixada Litorânea,-0.6637292788054238,0.5068635964962287,1,1
SIH,2018,Baía da Ilha Grande - Centro-Sul,-0.6921748193256563,0.48882754999952166,1,1
SIH,2018,Baixada Litorânea - Centro-Sul,-0.04187070193135534,0.9666017723794148,1,1
SIH,2018,Baía da Ilha Grande - Médio Paraíba,-0.5898470891619286,0.5552931695935406,1,1
SIH,2018,Baixada Litorânea - Médio Paraíba,0.13119756561774087,0.8956190216691854,1,1
SIH,2018,Centro-Sul - Médio Paraíba,0.17493008749032116,0.8611345683755884,1,1
SIH,2018,Baía da Ilha Grande - Metropolitana I,-1.6099924646796908,0.10739950133846675,1,1
SIH,2018,Baixada Litorânea - Metropolitana I,-1.4067294535679995,0.15950762845938135,1,1
SIH,2018,Centro-Sul - Metropolitana I,-1.3629969316954191,0.1728834776197713,1,1
SIH,2018,Médio Paraíba - Metropolitana I,-1.6129914655619508,0.10674636196514867,1,1
SIH,2018,Baía da Ilha Grande - Metropolitana II,-0.09362573578414214,0.925406465208178,1,1
SIH,2018,Baixada Litorânea - Metropolitana II,0.8150789725256433,0.41502710705908097,1,1
SIH,2018,Centro-Sul - Metropolitana II,0.8558329211519254,0.3920902026425177,1,1
SIH,2018,Médio Paraíba - Metropolitana II,0.7218989184693916,0.47035662626394165,1,1
SIH,2018,Metropolitana I - Metropolitana II,2.215238838048231,0.026743675407758512,0.9627723146793065,1
SIH,2018,Baía da Ilha Grande - Noroeste,-0.8215679688427157,0.41132282566392836,1,1
SIH,2018,Baixada Litorânea - Noroeste,-0.2123153210448681,0.8318610434289789,1,1
SIH,2018,Centro-Sul - Noroeste,-0.16779759243868614,0.8667425166010223,1,1
SIH,2018,Médio Paraíba - Noroeste,-0.3634088971669241,0.7162994564713003,1,1
SIH,2018,Metropolitana I - Noroeste,1.2815260944648785,0.2000089404099243,1,1
SIH,2018,Metropolitana II - Noroeste,-1.0695949635113613,0.28480166319109773,1,1
SIH,2018,Baía da Ilha Grande - Norte,-2.0098324614995877,0.04444892386087463,1,1
SIH,2018,Baixada Litorânea - Norte,-1.9652459670896067,0.04938577604693142,1,1
SIH,2018,Centro-Sul - Norte,-1.9244920184633247,0.05429294022847063,1,1
SIH,2018,Médio Paraíba - Norte,-2.1751333425777095,0.029620125504721966,1,1
SIH,2018,Metropolitana I - Norte,-0.6817934229988699,0.49536958365949335,1,1
SIH,2018,Metropolitana II - Norte,-2.7099255398173248,0.006729831439231128,0.24227393181232063,1
SIH,2018,Noroeste - Norte,-1.8764046909909455,0.06059973093321452,1,1
SIH,2018,Baía da Ilha Grande - Serrana,-0.3798178928399926,0.7040805993860884,1,1
SIH,2018,Baixada Litorânea - Serrana,0.4716376388488825,0.6371854561049615,1,1
SIH,2018,Centro-Sul - Serrana,0.516863165861789,0.6052516820131199,1,1
SIH,2018,Médio Paraíba - Serrana,0.35358880791273095,0.7236470631877576,1,1
SIH,2018,Metropolitana I - Serrana,2.027469158191909,0.04261445548884602,1,1
SIH,2018,Metropolitana II - Serrana,-0.41949168481826593,0.6748568304457778,1,1
SIH,2018,Noroeste - Serrana,0.7388560590008731,0.4599944069332711,1,1
SIH,2018,Norte - Serrana,2.570517040470138,0.010154683081097354,0.3655685909195047,1
SIH,2019,Baía da Ilha Grande - Baixada Litorânea,-0.32048642319461895,0.7485996207857036,1,1
SIH,2019,Baía da Ilha Grande - Centro-Sul,-0.6106309365009901,0.541443937149262,1,1
SIH,2019,Baixada Litorânea - Centro-Sul,-0.42708115969982463,0.6693202150028914,1,1
SIH,2019,Baía da Ilha Grande - Médio Paraíba,-0.5366641548932303,0.5914996203165207,1,1
SIH,2019,Baixada Litorânea - Médio Paraíba,-0.3163319082116641,0.7517505944134583,1,1
SIH,2019,Centro-Sul - Médio Paraíba,0.12973981488865494,0.8967722810434853,1,1
SIH,2019,Baía da Ilha Grande - Metropolitana I,-1.4359392252548595,0.15101963559234424,1,1
SIH,2019,Baixada Litorânea - Metropolitana I,-1.6720400862616531,0.09451641769493273,1,1
SIH,2019,Centro-Sul - Metropolitana I,-1.225968363161334,0.22021058067146815,1,1
SIH,2019,Médio Paraíba - Metropolitana I,-1.4218787326754636,0.15506145813051028,1,1
SIH,2019,Baía da Ilha Grande - Metropolitana II,-0.1435594615356849,0.8858483539858428,1,1
SIH,2019,Baixada Litorânea - Metropolitana II,0.2508631948773367,0.801919880863674,1,1
SIH,2019,Centro-Sul - Metropolitana II,0.6665534708654149,0.5050573981684332,1,1
SIH,2019,Médio Paraíba - Metropolitana II,0.5685543769644553,0.5696585936652219,1,1
SIH,2019,Metropolitana I - Metropolitana II,1.8849582871145223,0.0594354697092099,1,1
SIH,2019,Baía da Ilha Grande - Noroeste,-0.7975805828911036,0.425113922656963,1,1
SIH,2019,Baixada Litorânea - Noroeste,-0.7129685458313146,0.47586522114174673,1,1
SIH,2019,Centro-Sul - Noroeste,-0.25888771404825833,0.7957218778797721,1,1
SIH,2019,Médio Paraíba - Noroeste,-0.410783984421358,0.6812309378034519,1,1
SIH,2019,Metropolitana I - Noroeste,1.0392534963535958,0.2986868564164396,1,1
SIH,2019,Metropolitana II - Noroeste,-0.9573945256550969,0.33836816052024676,1,1
SIH,2019,Baía da Ilha Grande - Norte,0.3932280902933974,0.6941510243240041,1,1
SIH,2019,Baixada Litorânea - Norte,1.029716435290729,0.303143138096517,1,1
SIH,2019,Centro-Sul - Norte,1.4454067112788072,0.14834367940953883,1,1
SIH,2019,Médio Paraíba - Norte,1.380100873544425,0.16755558837305826,1,1
SIH,2019,Metropolitana I - Norte,2.696504783694492,0.007007139113984529,0.25225700810344304,1
SIH,2019,Metropolitana II - Norte,0.7591322359097389,0.4477734573722776,1,1
SIH,2019,Noroeste - Norte,1.7826582725189348,0.07464194777705678,1,1
SIH,2019,Baía da Ilha Grande - Serrana,-0.43587957443999176,0.6629241054007275,1,1
SIH,2019,Baixada Litorânea - Serrana,-0.16022758141715462,0.8727018032428048,1,1
SIH,2019,Centro-Sul - Serrana,0.3010727941144921,0.7633589862376713,1,1
SIH,2019,Médio Paraíba - Serrana,0.17566110649510663,0.8605601926189919,1,1
SIH,2019,Metropolitana I - Serrana,1.6512144010540026,0.09869480354620874,1,1
SIH,2019,Metropolitana II - Serrana,-0.4250570803050754,0.6707950646308394,1,1
SIH,2019,Noroeste - Serrana,0.6063641554345559,0.5442729652695683,1,1
SIH,2019,Norte - Serrana,-1.2626491010699048,0.20671531360611808,1,1
SIH,2020,Baía da Ilha Grande - Baixada Litorânea,-2.264265025410503,0.02355781932099314,0.848081495555753,1
SIH,2020,Baía da Ilha Grande - Centro-Sul,-2.4918293495723627,0.012708708121024663,0.4575134923568879,1
SIH,2020,Baixada Litorânea - Centro-Sul,-0.33496561545084275,0.7376510242212727,1,1
SIH,2020,Baía da Ilha Grande - Médio Paraíba,-1.5278006571735205,0.12656203906360086,1,1
SIH,2020,Baixada Litorânea - Médio Paraíba,1.1778625891014953,0.23885139160433655,1,1
SIH,2020,Centro-Sul - Médio Paraíba,1.5277227640821376,0.12658138568865956,1,1
SIH,2020,Baía da Ilha Grande - Metropolitana I,-3.398872980990458,6.766413278635402e-4,0.02435908780308745,0.7551317218957109
SIH,2020,Baixada Litorânea - Metropolitana I,-1.6428850716799326,0.10040671426667079,1,1
SIH,2020,Centro-Sul - Metropolitana I,-1.2930248966992903,0.19600244841992198,1,1
SIH,2020,Médio Paraíba - Metropolitana I,-2.9584251050828185,0.003092153713385271,0.11131753368186975,1
SIH,2020,Baía da Ilha Grande - Metropolitana II,-2.8836726621515822,0.00393067099660614,0.14150415587782106,1
SIH,2020,Baixada Litorânea - Metropolitana II,-0.940057748312909,0.3471879399121056,1,1
SIH,2020,Centro-Sul - Metropolitana II,-0.6140261593026517,0.5391980410225712,1,1
SIH,2020,Médio Paraíba - Metropolitana II,-2.1232321131452694,0.033734406220957816,1,1
SIH,2020,Metropolitana I - Metropolitana II,0.6157373128121275,0.5380679066868217,1,1
SIH,2020,Baía da Ilha Grande - Noroeste,-2.190348179706583,0.028498995152877144,1,1
SIH,2020,Baixada Litorânea - Noroeste,0.20820599225045103,0.835068129977734,1,1
SIH,2020,Centro-Sul - Noroeste,0.5643478210999069,0.5725174422507184,1,1
SIH,2020,Médio Paraíba - Noroeste,-1.0410525502999664,0.2978511597376774,1,1
SIH,2020,Metropolitana I - Noroeste,1.9759609177640496,0.04815920378278349,1,1
SIH,2020,Metropolitana II - Noroeste,1.1980349384257691,0.23090341558052363,1,1
SIH,2020,Baía da Ilha Grande - Norte,-2.727629769178012,0.006379116066567292,0.22964817839642251,1
SIH,2020,Baixada Litorânea - Norte,-0.7136469226113413,0.47544553483965646,1,1
SIH,2020,Centro-Sul - Norte,-0.3876153336010841,0.6983007198572923,1,1
SIH,2020,Médio Paraíba - Norte,-1.887317433906906,0.059117642925196105,1,1
SIH,2020,Metropolitana I - Norte,0.8516519920504908,0.39440727356289723,1,1
SIH,2020,Metropolitana II - Norte,0.22067797555515678,0.8253431816606572,1,1
SIH,2020,Noroeste - Norte,-0.9581326864304672,0.33799585502664103,1,1
SIH,2020,Baía da Ilha Grande - Serrana,-2.0392436681999615,0.04142571464941318,1,1
SIH,2020,Baixada Litorânea - Serrana,0.46646900719026396,0.640879826895594,1,1
SIH,2020,Centro-Sul - Serrana,0.8282732232935162,0.40751578362709606,1,1
SIH,2020,Médio Paraíba - Serrana,-0.7910416279586094,0.4289197000554731,1,1
SIH,2020,Metropolitana I - Serrana,2.279061194591351,0.022663427871359703,0.8158834033689493,1
SIH,2020,Metropolitana II - Serrana,1.4630033385950472,0.1434664654088373,1,1
SIH,2020,Noroeste - Serrana,0.274065913425486,0.784033968388999,1,1
SIH,2020,Norte - Serrana,1.2195172860471315,0.22264791903579048,1,1
SIH,2021,Baía da Ilha Grande - Baixada Litorânea,-0.6201127833410675,0.535183536600313,1,1
SIH,2021,Baía da Ilha Grande - Centro-Sul,-0.20480789174567376,0.8377222209921931,1,1
SIH,2021,Baixada Litorânea - Centro-Sul,0.6113122481977877,0.5409928839017868,1,1
SIH,2021,Baía da Ilha Grande - Médio Paraíba,-0.11120068074364217,0.9114572118267651,1,1
SIH,2021,Baixada Litorânea - Médio Paraíba,0.7857276429773593,0.4320270649195129,1,1
SIH,2021,Centro-Sul - Médio Paraíba,0.1472328236376873,0.8829482533898747,1,1
SIH,2021,Baía da Ilha Grande - Metropolitana I,-1.0684934975802152,0.28529796196266105,1,1
SIH,2021,Baixada Litorânea - Metropolitana I,-0.6574455788177902,0.5108944527427894,1,1
SIH,2021,Centro-Sul - Metropolitana I,-1.2959403981574622,0.19499601978816078,1,1
SIH,2021,Médio Paraíba - Metropolitana I,-1.5136128444609773,0.13012406149148326,1,1
SIH,2021,Baía da Ilha Grande - Metropolitana II,-0.6491384347700532,0.5162489009140154,1,1
SIH,2021,Baixada Litorânea - Metropolitana II,-0.05343295486557019,0.9573869485220817,1,1
SIH,2021,Centro-Sul - Metropolitana II,-0.6484406048092896,0.5167000149590344,1,1
SIH,2021,Médio Paraíba - Metropolitana II,-0.8186239369571209,0.41300100566691944,1,1
SIH,2021,Metropolitana I - Metropolitana II,0.5827092577187569,0.5600890400047518,1,1
SIH,2021,Baía da Ilha Grande - Noroeste,-0.8725411639898912,0.38291322185001075,1,1
SIH,2021,Baixada Litorânea - Noroeste,-0.3581964932466641,0.7201962713614791,1,1
SIH,2021,Centro-Sul - Noroeste,-1.0081553308969209,0.3133798983662086,1,1
SIH,2021,Médio Paraíba - Noroeste,-1.2167601523955256,0.22369548509974016,1,1
SIH,2021,Metropolitana I - Noroeste,0.32682813359071544,0.7437978793996867,1,1
SIH,2021,Metropolitana II - Noroeste,-0.2908353454958424,0.7711772514295565,1,1
SIH,2021,Baía da Ilha Grande - Norte,-0.47437039463965414,0.6352358008724631,1,1
SIH,2021,Baixada Litorânea - Norte,0.20014716992018575,0.8413654833719872,1,1
SIH,2021,Centro-Sul - Norte,-0.39486048002353363,0.6929458573349179,1,1
SIH,2021,Médio Paraíba - Norte,-0.5543994962101537,0.5793054707996573,1,1
SIH,2021,Metropolitana I - Norte,0.8469336984657241,0.39703207808607105,1,1
SIH,2021,Metropolitana II - Norte,0.24715933262177575,0.8047849169180805,1,1
SIH,2021,Noroeste - Norte,0.5595258677305808,0.5758028822510546,1,1
SIH,2021,Baía da Ilha Grande - Serrana,-0.0798878962799983,0.9363264164298715,1,1
SIH,2021,Baixada Litorânea - Serrana,0.8631614869891876,0.3880486853821692,1,1
SIH,2021,Centro-Sul - Serrana,0.20286879260075255,0.8392375869547944,1,1
SIH,2021,Médio Paraíba - Serrana,0.05326498067916144,0.9575207819438188,1,1
SIH,2021,Metropolitana I - Serrana,1.6240152619837926,0.10437255133224738,1,1
SIH,2021,Metropolitana II - Serrana,0.8939416500687762,0.3713531116570176,1,1
SIH,2021,Noroeste - Serrana,1.3190423786501482,0.1871549450494983,1,1
SIH,2021,Norte - Serrana,0.6212372712151105,0.5344435198228841,1,1
SIH,2022,Baía da Ilha Grande - Baixada Litorânea,-1.6934578456378389,0.09036835224463509,1,1
SIH,2022,Baía da Ilha Grande - Centro-Sul,-1.357800467499096,0.17452700656451922,1,1
SIH,2022,Baixada Litorânea - Centro-Sul,0.49407428278999294,0.6212537194527394,1,1
SIH,2022,Baía da Ilha Grande - Médio Paraíba,-1.2860600468612546,0.19842210625929127,1,1
SIH,2022,Baixada Litorânea - Médio Paraíba,0.6647343324632206,0.5062204304755396,1,1
SIH,2022,Centro-Sul - Médio Paraíba,0.14869057436677324,0.8817977991221045,1,1
SIH,2022,Baía da Ilha Grande - Metropolitana I,-1.353747417748689,0.1758169744870414,1,1
SIH,2022,Baixada Litorânea - Metropolitana I,0.5626917814272,0.5736447816006243,1,1
SIH,2022,Centro-Sul - Metropolitana I,0.04664802333075276,0.9627937565819411,1,1
SIH,2022,Médio Paraíba - Metropolitana I,-0.10702313041643252,0.914770629722419,1,1
SIH,2022,Baía da Ilha Grande - Metropolitana II,-0.9737076521550796,0.33020171675608917,1,1
SIH,2022,Baixada Litorânea - Metropolitana II,1.0134148558402167,0.3108620464405283,1,1
SIH,2022,Centro-Sul - Metropolitana II,0.5325182620500873,0.5943670969567483,1,1
SIH,2022,Médio Paraíba - Metropolitana II,0.4104915418747523,0.6814454067987057,1,1
SIH,2022,Metropolitana I - Metropolitana II,0.5095757071548647,0.6103487466251845,1,1
SIH,2022,Baía da Ilha Grande - Noroeste,-1.0734355213346432,0.2830757541300935,1,1
SIH,2022,Baixada Litorânea - Noroeste,1.0156891003533521,0.309777460046499,1,1
SIH,2022,Centro-Sul - Noroeste,0.4903799028004048,0.6238650952404972,1,1
SIH,2022,Médio Paraíba - Noroeste,0.35621268138144013,0.7216812956441234,1,1
SIH,2022,Metropolitana I - Noroeste,0.46535528746127514,0.6416770482234483,1,1
SIH,2022,Metropolitana II - Noroeste,-0.08857929304441943,0.929416265141316,1,1
SIH,2022,Baía da Ilha Grande - Norte,-1.8912398628396743,0.05859233229957273,1,1
SIH,2022,Baixada Litorânea - Norte,-0.31788079928500074,0.7505753577112694,1,1
SIH,2022,Centro-Sul - Norte,-0.7987773930751302,0.42441950131738576,1,1
SIH,2022,Médio Paraíba - Norte,-0.976686772046824,0.32872424589764043,1,1
SIH,2022,Metropolitana I - Norte,-0.8776026067667115,0.3801594141520029,1,1
SIH,2022,Metropolitana II - Norte,-1.2975864962643215,0.1944294648874102,1,1
SIH,2022,Noroeste - Norte,-1.3220459486879554,0.18615285078295443,1,1
SIH,2022,Baía da Ilha Grande - Serrana,-1.4772253101599722,0.1396152513735033,1,1
SIH,2022,Baixada Litorânea - Serrana,0.4225356380920124,0.6726340937828283,1,1
SIH,2022,Centro-Sul - Serrana,-0.11112558066028454,0.9115167639348267,1,1
SIH,2022,Médio Paraíba - Serrana,-0.2787911754696534,0.7804050870253298,1,1
SIH,2022,Metropolitana I - Serrana,-0.16772802426629582,0.8667972483322459,1,1
SIH,2022,Metropolitana II - Serrana,-0.6803695982624617,0.49627046594111046,1,1
SIH,2022,Noroeste - Serrana,-0.654980136178648,0.5124805432802311,1,1
SIH,2022,Norte - Serrana,0.7513283907192823,0.45245504706161277,1,1
SIH,2023,Baía da Ilha Grande - Baixada Litorânea,-1.126443404601205,0.259977883372046,1,1
SIH,2023,Baía da Ilha Grande - Centro-Sul,-2.3552907550752473,0.018508217489274063,0.6662958296138662,1
SIH,2023,Baixada Litorânea - Centro-Sul,-1.8088143234345508,0.0704798542881455,1,1
SIH,2023,Baía da Ilha Grande - Médio Paraíba,-1.431104413048614,0.15240029271207797,1,1
SIH,2023,Baixada Litorânea - Médio Paraíba,-0.4256632128931149,0.6703532714915178,1,1
SIH,2023,Centro-Sul - Médio Paraíba,1.4635817320023536,0.14330826693409587,1,1
SIH,2023,Baía da Ilha Grande - Metropolitana I,-1.0781631219927061,0.28096096624445904,1,1
SIH,2023,Baixada Litorânea - Metropolitana I,0.10641580322327825,0.9152524551133303,1,1
SIH,2023,Centro-Sul - Metropolitana I,1.995660748118747,0.04597086232021758,1,1
SIH,2023,Médio Paraíba - Metropolitana I,0.5580491800285418,0.5768108018231778,1,1
SIH,2023,Baía da Ilha Grande - Metropolitana II,-0.6241715718942821,0.5325149143577113,1,1
SIH,2023,Baixada Litorânea - Metropolitana II,0.7082130627945029,0.4788129553526865,1,1
SIH,2023,Centro-Sul - Metropolitana II,2.4687836434498927,0.013557316017068546,0.48806337661446764,1
SIH,2023,Médio Paraíba - Metropolitana II,1.1512636346832124,0.24962379296457826,1,1
SIH,2023,Metropolitana I - Metropolitana II,0.6346104871511972,0.5256824867330107,1,1
SIH,2023,Baía da Ilha Grande - Noroeste,-1.9339829923487286,0.053115218990617455,1,1
SIH,2023,Baixada Litorânea - Noroeste,-1.182116916527233,0.23715931299823564,1,1
SIH,2023,Centro-Sul - Noroeste,0.7410489592598289,0.45866375541498855,1,1
SIH,2023,Médio Paraíba - Noroeste,-0.7867862592128786,0.4314069985443366,1,1
SIH,2023,Metropolitana I - Noroeste,-1.355886990914876,0.17513512726972472,1,1
SIH,2023,Metropolitana II - Noroeste,-1.8970731927013098,0.05781827870356974,1,1
SIH,2023,Baía da Ilha Grande - Norte,-1.4355946153568484,0.15111772784355323,1,1
SIH,2023,Baixada Litorânea - Norte,-0.4691232308536484,0.638981554855101,1,1
SIH,2023,Centro-Sul - Norte,1.2914473498017411,0.19654860075603825,1,1
SIH,2023,Médio Paraíba - Norte,-0.07549269735627658,0.9398227076234409,1,1
SIH,2023,Metropolitana I - Norte,-0.5921458448882917,0.5537529298528656,1,1
SIH,2023,Metropolitana II - Norte,-1.1475254728868147,0.25116451152687314,1,1
SIH,2023,Noroeste - Norte,0.6495814823257405,0.5159625976598814,1,1
SIH,2023,Baía da Ilha Grande - Serrana,-1.9131048845999639,0.0557346265673465,1,1
SIH,2023,Baixada Litorânea - Serrana,-1.1487283861278261,0.2506679971011347,1,1
SIH,2023,Centro-Sul - Serrana,0.8050143808297361,0.4208113811905755,1,1
SIH,2023,Médio Paraíba - Serrana,-0.7457097295082595,0.4558427804952278,1,1
SIH,2023,Metropolitana I - Serrana,-1.3248247322114817,0.18522928976642916,1,1
SIH,2023,Metropolitana II - Serrana,-1.87484260461895,0.06081438001005616,1,1
SIH,2023,Noroeste - Serrana,0.05609536239702971,0.9552658383942794,1,1
SIH,2023,Norte - Serrana,-0.6087151313697888,0.5427132756705965,1,1
SIH,2024,Baía da Ilha Grande - Baixada Litorânea,-1.5398519268285835,0.12359645112592907,1,1
SIH,2024,Baía da Ilha Grande - Centro-Sul,-1.5057172782043045,0.1321397665509838,1,1
SIH,2024,Baixada Litorânea - Centro-Sul,0.050244842317626534,0.9599272776567483,1,1
SIH,2024,Baía da Ilha Grande - Médio Paraíba,-1.7211931454233333,0.08521578126027653,1,1
SIH,2024,Baixada Litorânea - Médio Paraíba,-0.22740911373741762,0.8201056341870716,1,1
SIH,2024,Centro-Sul - Médio Paraíba,-0.2798881399845141,0.7795633266437844,1,1
SIH,2024,Baía da Ilha Grande - Metropolitana I,-1.6921842721858613,0.09061084435486143,1,1
SIH,2024,Baixada Litorânea - Metropolitana I,-0.18367659186483734,0.8542671734476859,1,1
SIH,2024,Centro-Sul - Metropolitana I,-0.2361556181119338,0.8133119171565372,1,1
SIH,2024,Médio Paraíba - Metropolitana I,0.04586705589275689,0.9634162121183143,1,1
SIH,2024,Baía da Ilha Grande - Metropolitana II,-1.0423665250634506,0.2972417802134966,1,1
SIH,2024,Baixada Litorânea - Metropolitana II,0.6937227699496032,0.48785608354715926,1,1
SIH,2024,Centro-Sul - Metropolitana II,0.6448180315980645,0.5190451153151294,1,1
SIH,2024,Médio Paraíba - Metropolitana II,0.9436587169534534,0.3453440765988524,1,1
SIH,2024,Metropolitana I - Metropolitana II,0.9011940746905479,0.36748514084661166,1,1
SIH,2024,Baía da Ilha Grande - Noroeste,-2.4946881389676623,0.012606787491692561,0.4538443497009322,1
SIH,2024,Baixada Litorânea - Noroeste,-1.388953132512878,0.1648470021571354,1,1
SIH,2024,Centro-Sul - Noroeste,-1.4423744068402966,0.1491967798070723,1,1
SIH,2024,Médio Paraíba - Noroeste,-1.2161604677467355,0.223923799754723,1,1
SIH,2024,Metropolitana I - Noroeste,-1.262935870352379,0.2066122275416124,1,1
SIH,2024,Metropolitana II - Noroeste,-2.0823515473192202,0.03731037071799651,1,1
SIH,2024,Baía da Ilha Grande - Norte,-2.1096999130026726,0.03488421200413429,1,1
SIH,2024,Baixada Litorânea - Norte,-0.854927277849119,0.392591408346638,1,1
SIH,2024,Centro-Sul - Norte,-0.9038320162006578,0.36608448221524537,1,1
SIH,2024,Médio Paraíba - Norte,-0.6699976890369514,0.5028592633712592,1,1
SIH,2024,Metropolitana I - Norte,-0.7124623312998568,0.47617852939750077,1,1
SIH,2024,Metropolitana II - Norte,-1.509437352797272,0.13118705355569144,1,1
SIH,2024,Noroeste - Norte,0.4414201436713556,0.6589088618338458,1,1
SIH,2024,Baía da Ilha Grande - Serrana,-0.8339175137999842,0.40432746728378227,1,1
SIH,2024,Baixada Litorânea - Serrana,1.1668185969329883,0.24328363516030402,1,1
SIH,2024,Centro-Sul - Serrana,1.1125479645175005,0.2659026193527083,1,1
SIH,2024,Médio Paraíba - Serrana,1.475553294558896,0.14006385119451945,1,1
SIH,2024,Metropolitana I - Serrana,1.4279548011860284,0.15330486854043773,1,1
SIH,2024,Metropolitana II - Serrana,0.38470796302570637,0.7004537948052623,1,1
SIH,2024,Noroeste - Serrana,2.771110902413252,0.005586539579601451,0.20111542486565223,1
SIH,2024,Norte - Serrana,2.050152562453449,0.04034954547917794,1,1
SIH,2025,Baía da Ilha Grande - Baixada Litorânea,-1.6725977825896683,0.09440650372584007,1,1
SIH,2025,Baía da Ilha Grande - Centro-Sul,-1.598639377237064,0.10990075492485399,1,1
SIH,2025,Baixada Litorânea - Centro-Sul,0.10886382502152366,0.913310499516635,1,1
SIH,2025,Baía da Ilha Grande - Médio Paraíba,-1.6438361501234082,0.10021005193470899,1,1
SIH,2025,Baixada Litorânea - Médio Paraíba,0.09329604666150429,0.9256683726934121,1,1
SIH,2025,Centro-Sul - Médio Paraíba,-0.020408510207204217,0.9837174951015247,1,1
SIH,2025,Baía da Ilha Grande - Metropolitana I,-0.8219180750617039,0.4111235250236403,1,1
SIH,2025,Baixada Litorânea - Metropolitana I,1.3323841663846128,0.18273398238517302,1,1
SIH,2025,Centro-Sul - Metropolitana I,1.2186796095159043,0.22296582008677104,1,1
SIH,2025,Médio Paraíba - Metropolitana I,1.2995665836281123,0.1937495589302822,1,1
SIH,2025,Baía da Ilha Grande - Metropolitana II,-0.7802144648678522,0.4352646495517595,1,1
SIH,2025,Baixada Litorânea - Metropolitana II,1.2642780507175535,0.20613024488774903,1,1
SIH,2025,Centro-Sul - Metropolitana II,1.15831778428922,0.24673437643802118,1,1
SIH,2025,Médio Paraíba - Metropolitana II,1.2267563320394894,0.21991418806432805,1,1
SIH,2025,Metropolitana I - Metropolitana II,0.023591467923836394,0.9811784778691949,1,1
SIH,2025,Baía da Ilha Grande - Noroeste,-0.8185695455987642,0.4130320483652536,1,1
SIH,2025,Baixada Litorânea - Noroeste,1.371146041070405,0.17032943493790695,1,1
SIH,2025,Centro-Sul - Noroeste,1.255399946694332,0.20933360869603307,1,1
SIH,2025,Médio Paraíba - Noroeste,1.3408948746951188,0.17995458652046303,1,1
SIH,2025,Metropolitana I - Noroeste,0.015591800868547667,0.987560046848171,1,1
SIH,2025,Metropolitana II - Noroeste,-0.009596090079812346,0.9923435453887912,1,1
SIH,2025,Baía da Ilha Grande - Norte,-1.7664055484608174,0.07732783491177106,1,1
SIH,2025,Baixada Litorânea - Norte,-0.16663836771635374,0.867654602692657,1,1
SIH,2025,Centro-Sul - Norte,-0.2725986341446871,0.7851617619859512,1,1
SIH,2025,Médio Paraíba - Norte,-0.26422444074696655,0.7916069790904127,1,1
SIH,2025,Metropolitana I - Norte,-1.4673893048626196,0.14227018223493773,1,1
SIH,2025,Metropolitana II - Norte,-1.3946848055085905,0.16311090884094162,1,1
SIH,2025,Noroeste - Norte,-1.5065861425304954,0.13191677158733994,1,1
SIH,2025,Baía da Ilha Grande - Serrana,-1.274001714359976,0.20266280860330804,1,1
SIH,2025,Baixada Litorânea - Serrana,0.7016417476573781,0.48290260949383607,1,1
SIH,2025,Centro-Sul - Serrana,0.5840553774238213,0.5591830551643104,1,1
SIH,2025,Médio Paraíba - Serrana,0.6369131732274189,0.5241814016067055,1,1
SIH,2025,Metropolitana I - Serrana,-0.7117108056704972,0.47664387497553196,1,1
SIH,2025,Metropolitana II - Serrana,-0.6796739238266106,0.49671095060303894,1,1
SIH,2025,Noroeste - Serrana,-0.7431299913739802,0.45740298351684844,1,1
SIH,2025,Norte - Serrana,0.8591579282762161,0.3902533912298504,1,1
SIM,2010,Baía da Ilha Grande - Baixada Litorânea,-0.5689108104046491,0.5694166686602995,1,1
SIM,2010,Baía da Ilha Grande - Centro-Sul,-2.213063052474085,0.026893298928104978,0.9681587614117793,1
SIM,2010,Baixada Litorânea - Centro-Sul,-2.4201265716323386,0.015515105670161832,0.5585438041258259,1
SIM,2010,Baía da Ilha Grande - Médio Paraíba,-1.247381549211292,0.21225762859826028,1,1
SIM,2010,Baixada Litorânea - Médio Paraíba,-1.0058480030693466,0.31448869192710144,1,1
SIM,2010,Centro-Sul - Médio Paraíba,1.5218917611657938,0.12803620388642656,1,1
SIM,2010,Baía da Ilha Grande - Metropolitana I,-1.2763904224487639,0.20181754017805897,1,1
SIM,2010,Baixada Litorânea - Metropolitana I,-1.049580524941927,0.2939110148733989,1,1
SIM,2010,Centro-Sul - Metropolitana I,1.4781592392932137,0.13936516108120417,1,1
SIM,2010,Médio Paraíba - Metropolitana I,-0.04586705589275689,0.9634162121183143,1,1
SIM,2010,Baía da Ilha Grande - Metropolitana II,-1.0173996621876795,0.30896334265964814,1,1
SIM,2010,Baixada Litorânea - Metropolitana II,-0.6611196110485776,0.5085356095676936,1,1
SIM,2010,Centro-Sul - Metropolitana II,1.6944586195505313,0.09017816855915216,1,1
SIM,2010,Médio Paraíba - Metropolitana II,0.2878159086708029,0.7734876590597606,1,1
SIM,2010,Metropolitana I - Metropolitana II,0.3302805509337083,0.7411879872690199,1,1
SIM,2010,Baía da Ilha Grande - Noroeste,-1.40326207816931,0.1605387019905588,1,1
SIM,2010,Baixada Litorânea - Noroeste,-1.2464964009730954,0.2125822096870811,1,1
SIM,2010,Centro-Sul - Noroeste,1.326628312464223,0.1846316654389028,1,1
SIM,2010,Médio Paraíba - Noroeste,-0.23387701302821834,0.8150804592992672,1,1
SIM,2010,Metropolitana I - Noroeste,-0.18710161042257467,0.8515809655220795,1,1
SIM,2010,Metropolitana II - Noroeste,-0.5085927742300396,0.6110376948467848,1,1
SIM,2010,Baía da Ilha Grande - Norte,-1.1734425551612497,0.24061838039235905,1,1
SIM,2010,Baixada Litorânea - Norte,-0.8875304367501446,0.37479338690565295,1,1
SIM,2010,Centro-Sul - Norte,1.4680477938489642,0.14209124097524908,1,1
SIM,2010,Médio Paraíba - Norte,0.05190122943244019,0.9586073946525755,1,1
SIM,2010,Metropolitana I - Norte,0.09436587169534558,0.9248185252373291,1,1
SIM,2010,Metropolitana II - Norte,-0.2206779755551562,0.8253431816606577,1,1
SIM,2010,Noroeste - Norte,0.2686905222347383,0.7881678458313346,1,1
SIM,2010,Baía da Ilha Grande - Serrana,-1.278206340479976,0.20117668110519665,1,1
SIM,2010,Baixada Litorânea - Serrana,-1.0595694900166674,0.2893404999124182,1,1
SIM,2010,Centro-Sul - Serrana,1.5544659713293298,0.12007330751995231,1,1
SIM,2010,Médio Paraíba - Serrana,-0.020399354302657643,0.9837247989358765,1,1
SIM,2010,Metropolitana I - Serrana,0.027199139070209967,0.9783009023757537,1,1
SIM,2010,Metropolitana II - Serrana,-0.3158361938764389,0.7521268444443776,1,1
SIM,2010,Noroeste - Serrana,0.22224448340156397,0.8241235671275917,1,1
SIM,2010,Norte - Serrana,-0.07235014132852385,0.942323262206161,1,1
SIM,2011,Baía da Ilha Grande - Baixada Litorânea,-0.938702837167671,0.3478833363706427,1,1
SIM,2011,Baía da Ilha Grande - Centro-Sul,-2.1732392957457596,0.029762311656793956,1,1
SIM,2011,Baixada Litorânea - Centro-Sul,-1.8171884638208222,0.06918826077824466,1,1
SIM,2011,Baía da Ilha Grande - Médio Paraíba,-1.8662375116106926,0.062008143055651145,1,1
SIM,2011,Baixada Litorânea - Médio Paraíba,-1.370285685340849,0.1705977397327255,1,1
SIM,2011,Centro-Sul - Médio Paraíba,0.5277057639291359,0.5977035720537961,1,1
SIM,2011,Baía da Ilha Grande - Metropolitana I,-1.3779214787799157,0.16822753263939816,1,1
SIM,2011,Baixada Litorânea - Metropolitana I,-0.6341215671524142,0.5260014887378797,1,1
SIM,2011,Centro-Sul - Metropolitana I,1.2638698821175707,0.20627673346867428,1,1
SIM,2011,Médio Paraíba - Metropolitana I,0.7720954408614075,0.4400579022954313,1,1
SIM,2011,Baía da Ilha Grande - Metropolitana II,-1.710230106990332,0.08722333043305587,1,1
SIM,2011,Baixada Litorânea - Metropolitana II,-1.136582345021869,0.25571292400941464,1,1
SIM,2011,Centro-Sul - Metropolitana II,0.6321390253587771,0.5272960363745307,1,1
SIM,2011,Médio Paraíba - Metropolitana II,0.14626710112778515,0.883710536002563,1,1
SIM,2011,Metropolitana I - Metropolitana II,-0.5685543769644553,0.5696585936652219,1,1
SIM,2011,Baía da Ilha Grande - Noroeste,-1.4257502524989465,0.15394044530692297,1,1
SIM,2011,Baixada Litorânea - Noroeste,-0.70201033571287,0.4826727177802108,1,1
SIM,2011,Centro-Sul - Noroeste,1.2300590857954283,0.2186749797481533,1,1
SIM,2011,Médio Paraíba - Noroeste,0.728017163631428,0.4666030796981825,1,1
SIM,2011,Metropolitana I - Noroeste,-0.059368780230240246,0.9526583789498619,1,1
SIM,2011,Metropolitana II - Noroeste,0.5233559897374428,0.6007265446760528,1,1
SIM,2011,Baía da Ilha Grande - Norte,-1.1547174080044216,0.24820616845589286,1,1
SIM,2011,Baixada Litorânea - Norte,-0.3305598055242888,0.7409770113974584,1,1
SIM,2011,Centro-Sul - Norte,1.4381615648563573,0.15038821780812694,1,1
SIM,2011,Médio Paraíba - Norte,0.9861233592163581,0.3240725821753048,1,1
SIM,2011,Metropolitana I - Norte,0.2713018811241176,0.7861588597802592,1,1
SIM,2011,Metropolitana II - Norte,0.7856135929763576,0.43209389855270164,1,1
SIM,2011,Noroeste - Norte,0.3306960273658315,0.7408741033360731,1,1
SIM,2011,Baía da Ilha Grande - Serrana,-1.8668539972799647,0.061921979505427834,1,1
SIM,2011,Baixada Litorânea - Serrana,-1.3761481791070131,0.16877576193209315,1,1
SIM,2011,Centro-Sul - Serrana,0.5866396932531306,0.5574457183064763,1,1
SIM,2011,Médio Paraíba - Serrana,0.04306530352783228,0.9656494774000397,1,1
SIM,2011,Metropolitana I - Serrana,-0.7581760015821056,0.44834562590799437,1,1
SIM,2011,Metropolitana II - Serrana,-0.11130790973619022,0.9113721833218069,1,1
SIM,2011,Noroeste - Serrana,-0.7126782232155924,0.4760448949138818,1,1
SIM,2011,Norte - Serrana,-0.9781182568067694,0.3280158392540248,1,1
SIM,2012,Baía da Ilha Grande - Baixada Litorânea,-0.5670144410366335,0.5707043703235676,1,1
SIM,2012,Baía da Ilha Grande - Centro-Sul,-1.2440183054181662,0.21349282585061874,1,1
SIM,2012,Baixada Litorânea - Centro-Sul,-0.9965227059662577,0.3189962403773074,1,1
SIM,2012,Baía da Ilha Grande - Médio Paraíba,-1.4504436618735956,0.14693483895728607,1,1
SIM,2012,Baixada Litorânea - Médio Paraíba,-1.314891157635581,0.18854648491632162,1,1
SIM,2012,Centro-Sul - Médio Paraíba,-0.27405713706816975,0.7840407128071678,1,1
SIM,2012,Baía da Ilha Grande - Metropolitana I,-1.5519747182047472,0.12066827301876308,1,1
SIM,2012,Baixada Litorânea - Metropolitana I,-1.4679549841896122,0.1421164510909559,1,1
SIM,2012,Centro-Sul - Metropolitana I,-0.42712096362220076,0.6692912245533826,1,1
SIM,2012,Médio Paraíba - Metropolitana I,-0.16053469562464912,0.8724598928745297,1,1
SIM,2012,Baía da Ilha Grande - Metropolitana II,-1.86003128424496,0.06288109997068377,1,1
SIM,2012,Baixada Litorânea - Metropolitana II,-1.8864549997454612,0.05923366700342612,1,1
SIM,2012,Centro-Sul - Metropolitana II,-0.9165110224399452,0.3593989289163322,1,1
SIM,2012,Médio Paraíba - Metropolitana II,-0.6888708633760204,0.49090453647917054,1,1
SIM,2012,Metropolitana I - Metropolitana II,-0.5402446154558516,0.5890283479490724,1,1
SIM,2012,Baía da Ilha Grande - Noroeste,-2.4362188857106077,0.014841700539952409,0.5343012194382867,1
SIM,2012,Baixada Litorânea - Noroeste,-2.822423993631938,0.004766211819202575,0.1715836254912927,1
SIM,2012,Centro-Sul - Noroeste,-1.7629020528048063,0.07791701077498674,1,1
SIM,2012,Médio Paraíba - Noroeste,-1.5591800868547887,0.11895376257367972,1,1
SIM,2012,Metropolitana I - Noroeste,-1.395466177735036,0.16287530718121604,1,1
SIM,2012,Metropolitana II - Noroeste,-0.7388989361455298,0.45996836839727284,1,1
SIM,2012,Baía da Ilha Grande - Norte,-1.1609591237233643,0.2456585230182485,1,1
SIM,2012,Baixada Litorânea - Norte,-0.8721345006024386,0.38313500670366174,1,1
SIM,2012,Centro-Sul - Norte,0.09780947670307742,0.9220835821482827,1,1
SIM,2012,Médio Paraíba - Norte,0.36802689961184687,0.7128531766816829,1,1
SIM,2012,Metropolitana I - Norte,0.5166531475320157,0.6053983078421871,1,1
SIM,2012,Metropolitana II - Norte,0.9886373304871019,0.3228406148409389,1,1
SIM,2012,Noroeste - Norte,1.8136610250844818,0.06972992898663093,1,1
SIM,2012,Baía da Ilha Grande - Serrana,-1.0861950809999794,0.2773926931107957,1,1
SIM,2012,Baixada Litorânea - Serrana,-0.7675418013047567,0.4427594497940878,1,1
SIM,2012,Centro-Sul - Serrana,0.3088257416024192,0.7574540866796569,1,1
SIM,2012,Médio Paraíba - Serrana,0.6233136036923143,0.5330784599610088,1,1
SIM,2012,Metropolitana I - Serrana,0.789908330497351,0.429581305948226,1,1
SIM,2012,Metropolitana II - Serrana,1.284910683017143,0.19882349735811816,1,1
SIM,2012,Noroeste - Serrana,2.257170534547135,0.023997420829976576,0.8639071498791567,1
SIM,2012,Norte - Serrana,0.19409316760248138,0.8461029313646375,1,1
SIM,2013,Baía da Ilha Grande - Baixada Litorânea,-1.3559040981310804,0.1751296834408079,1,1
SIM,2013,Baía da Ilha Grande - Centro-Sul,-2.192202989425915,0.028364852710100412,1,1
SIM,2013,Baixada Litorânea - Centro-Sul,-1.2309986367818473,0.21832337414067074,1,1
SIM,2013,Baía da Ilha Grande - Médio Paraíba,-2.064464812066751,0.03897366688306588,1,1
SIM,2013,Baixada Litorânea - Médio Paraíba,-1.0277142640056367,0.30408425610099055,1,1
SIM,2013,Centro-Sul - Médio Paraíba,0.25802187904822393,0.7963900217577555,1,1
SIM,2013,Baía da Ilha Grande - Metropolitana I,-1.7743760796920318,0.07600096379874842,1,1
SIM,2013,Baixada Litorânea - Metropolitana I,-0.5903890452798339,0.5549298532198186,1,1
SIM,2013,Centro-Sul - Metropolitana I,0.6953470977740268,0.486837805219636,1,1
SIM,2013,Médio Paraíba - Metropolitana I,0.4586705589275689,0.6464707590472383,1,1
SIM,2013,Baía da Ilha Grande - Metropolitana II,-2.0784913344079587,0.03766412821697087,1,1
SIM,2013,Baixada Litorânea - Metropolitana II,-1.0731873138254302,0.28318708149287836,1,1
SIM,2013,Centro-Sul - Metropolitana II,0.12497877578726573,0.9005403530486139,1,1
SIM,2013,Médio Paraíba - Metropolitana II,-0.12031648641156506,0.9042324447138529,1,1
SIM,2013,Metropolitana I - Metropolitana II,-0.544962909040619,0.5857790278406845,1,1
SIM,2013,Baía da Ilha Grande - Noroeste,-2.596634529262014,0.009414203213681414,0.3389113156925309,1
SIM,2013,Baixada Litorânea - Noroeste,-1.8320757541774897,0.06694013508639422,1,1
SIM,2013,Centro-Sul - Noroeste,-0.523254533155739,0.6007971365747946,1,1
SIM,2013,Médio Paraíba - Noroeste,-0.8257657613842482,0.4089369799448574,1,1
SIM,2013,Metropolitana I - Noroeste,-1.2935197874406847,0.1958313448590049,1,1
SIM,2013,Metropolitana II - Noroeste,-0.6399853922459288,0.5221820962893391,1,1
SIM,2013,Baía da Ilha Grande - Norte,-1.167200839442307,0.2431292719927973,1,1
SIM,2013,Baixada Litorânea - Norte,0.24905190827172446,0.8033206291092726,1,1
SIM,2013,Centro-Sul - Norte,1.4472179978844204,0.1478358773187209,1,1
SIM,2013,Médio Paraíba - Norte,1.2574252403404764,0.20859969427946654,1,1
SIM,2013,Metropolitana I - Norte,0.8327788177114225,0.4049694832372195,1,1
SIM,2013,Metropolitana II - Norte,1.288759377242115,0.19748175265646245,1,1
SIM,2013,Noroeste - Norte,2.0410145438984912,0.041249381495793554,1,1
SIM,2013,Baía da Ilha Grande - Serrana,-1.7393136716399673,0.08197960380263117,1,1
SIM,2013,Baixada Litorânea - Serrana,-0.516863165861789,0.6052516820131199,1,1
SIM,2013,Centro-Sul - Serrana,0.8127673283176632,0.4163514708343254,1,1
SIM,2013,Médio Paraíba - Serrana,0.5745818128581875,0.565574155103162,1,1
SIM,2013,Metropolitana I - Serrana,0.09859687912951139,0.9214583480419238,1,1
SIM,2013,Metropolitana II - Serrana,0.6532382952642647,0.51360266545652,1,1
SIM,2013,Noroeste - Serrana,1.445123383656805,0.1484232318971437,1,1
SIM,2013,Norte - Serrana,-0.7687202516155623,0.442059399945252,1,1
SIM,2014,Baía da Ilha Grande - Baixada Litorânea,-1.141614359545329,0.25361435258572274,1,1
SIM,2014,Baía da Ilha Grande - Centro-Sul,-1.9949805751523026,0.046044998492021184,1,1
SIM,2014,Baixada Litorânea - Centro-Sul,-1.2561210579406603,0.2090720823939205,1,1
SIM,2014,Baía da Ilha Grande - Médio Paraíba,-2.4802586618038482,0.013128710513935856,0.4726335785016908,1
SIM,2014,Baixada Litorânea - Médio Paraíba,-1.9839987422860594,0.0472559801404206,1,1
SIM,2014,Centro-Sul - Médio Paraíba,-0.6720230861086508,0.5015689993702243,1,1
SIM,2014,Baía da Ilha Grande - Metropolitana I,-1.082997934198951,0.27880933997747415,1,1
SIM,2014,Baixada Litorânea - Metropolitana I,0.12245106124322469,0.9025418017056515,1,1
SIM,2014,Centro-Sul - Metropolitana I,1.4344267174206333,0.15145052783306218,1,1
SIM,2014,Médio Paraíba - Metropolitana I,2.2092631921677905,0.02715633979143555,0.9776282324916798,1
SIM,2014,Baía da Ilha Grande - Metropolitana II,-1.5729123611735902,0.11573911245476119,1,1
SIM,2014,Baixada Litorânea - Metropolitana II,-0.6466293182036773,0.5178718784737757,1,1
SIM,2014,Centro-Sul - Metropolitana II,0.5759891405847876,0.5646225217207894,1,1
SIM,2014,Médio Paraíba - Metropolitana II,1.252706946755709,0.21031237692002921,1,1
SIM,2014,Metropolitana I - Metropolitana II,-0.7926733222409008,0.42796817723846003,1,1
SIM,2014,Baía da Ilha Grande - Noroeste,-2.557655027090644,0.010538057468478683,0.3793700688652326,1
SIM,2014,Baixada Litorânea - Noroeste,-2.108085671535818,0.03502357960632731,1,1
SIM,2014,Centro-Sul - Noroeste,-0.7725538133503586,0.43978648753634486,1,1
SIM,2014,Médio Paraíba - Noroeste,-0.09295112056249712,0.9259423931684024,1,1
SIM,2014,Metropolitana I - Noroeste,-2.345966346067667,0.01897782093941693,0.6832015538190095,1
SIM,2014,Metropolitana II - Noroeste,-1.3596921482318338,0.1739273638521773,1,1
SIM,2014,Baía da Ilha Grande - Norte,-1.6727798126766753,0.09437065038580647,1,1
SIM,2014,Baixada Litorânea - Norte,-0.7915322466526806,0.4286334664239917,1,1
SIM,2014,Centro-Sul - Norte,0.4310862121357843,0.6664056855900446,1,1
SIM,2014,Médio Paraíba - Norte,1.1017215520431565,0.2705827443169679,1,1
SIM,2014,Metropolitana I - Norte,-0.9436587169534534,0.3453440765988524,1,1
SIM,2014,Metropolitana II - Norte,-0.14123390435530037,0.8876851627099064,1,1
SIM,2014,Noroeste - Norte,1.2061547069548406,0.2277578442523691,1,1
SIM,2014,Baía da Ilha Grande - Serrana,-3.2221451499599385,0.001272346605987614,0.04580447781555411,1
SIM,2014,Baixada Litorânea - Serrana,-3.136067258866404,0.0017122992922750538,0.061642774521901936,1
SIM,2014,Centro-Sul - Serrana,-1.7793014484792082,0.07519035362704525,1,1
SIM,2014,Médio Paraíba - Serrana,-1.1412305434875636,0.25377399708511317,1,1
SIM,2014,Metropolitana I - Serrana,-3.4338913076140205,5.949827258246073e-4,0.021419378129685862,0.6640007220202617
SIM,2014,Metropolitana II - Serrana,-2.34372717438265,0.019092131357745012,0.6873167288788204,1
SIM,2014,Noroeste - Serrana,-1.0690173348233882,0.28506185838182274,1,1
SIM,2014,Norte - Serrana,-2.187896100751984,0.028677171401573612,1,1
SIM,2015,Baía da Ilha Grande - Baixada Litorânea,-0.7338949454219973,0.4630127679223043,1,1
SIM,2015,Baía da Ilha Grande - Centro-Sul,-2.002566052624365,0.045223886682515924,1,1
SIM,2015,Baixada Litorânea - Centro-Sul,-1.8674333061384487,0.06184110232250689,1,1
SIM,2015,Baía da Ilha Grande - Médio Paraíba,-2.049960375448015,0.04036829769221297,1,1
SIM,2015,Baixada Litorânea - Médio Paraíba,-1.9621324813497694,0.04974706219940947,1,1
SIM,2015,Centro-Sul - Médio Paraíba,-0.011662005832688036,0.9906952765093401,1,1
SIM,2015,Baía da Ilha Grande - Metropolitana I,-1.4069303520173875,0.1594480423183042,1,1
SIM,2015,Baixada Litorânea - Metropolitana I,-0.9927282465075726,0.3208424056966441,1,1
SIM,2015,Centro-Sul - Metropolitana I,0.9577422290095086,0.33819275689736383,1,1
SIM,2015,Médio Paraíba - Metropolitana I,1.0167197389561113,0.30928677286036227,1,1
SIM,2015,Baía da Ilha Grande - Metropolitana II,-1.4917700568273338,0.13575943618985414,1,1
SIM,2015,Baixada Litorânea - Metropolitana II,-1.1130356191489064,0.26569313201510497,1,1
SIM,2015,Centro-Sul - Metropolitana II,0.7045904895832784,0.48106511870423574,1,1
SIM,2015,Médio Paraíba - Metropolitana II,0.745490386393228,0.45597532071732116,1,1
SIM,2015,Metropolitana I - Metropolitana II,-0.19580918376784165,0.8447595216163336,1,1
SIM,2015,Baía da Ilha Grande - Noroeste,-1.7315894233820008,0.08334669069080614,1,1
SIM,2015,Baixada Litorânea - Noroeste,-1.4882619117112839,0.13668183545858312,1,1
SIM,2015,Centro-Sul - Noroeste,0.49722878412443305,0.6190277254890008,1,1
SIM,2015,Médio Paraíba - Noroeste,0.5349187067209511,0.5927060721504303,1,1
SIM,2015,Metropolitana I - Noroeste,-0.5019360510374837,0.6157125050299523,1,1
SIM,2015,Metropolitana II - Noroeste,-0.2642615575825168,0.7915783802228566,1,1
SIM,2015,Baía da Ilha Grande - Norte,-0.3557777959797406,0.7220069787652308,1,1
SIM,2015,Baixada Litorânea - Norte,0.5352351919585058,0.5924872341851903,1,1
SIM,2015,Centro-Sul - Norte,2.3528613006906904,0.01862958154698039,0.670664935691294,1
SIM,2015,Médio Paraíba - Norte,2.4629492512485127,0.013779941867166915,0.49607790721800893,1
SIM,2015,Metropolitana I - Norte,1.5216496810874431,0.12809688206641456,1,1
SIM,2015,Metropolitana II - Norte,1.606535662041541,0.10815626585943966,1,1
SIM,2015,Noroeste - Norte,2.0107499521083145,0.04435187488761053,1,1
SIM,2015,Baía da Ilha Grande - Serrana,-1.58514404723997,0.11293360979275746,1,1
SIM,2015,Baixada Litorânea - Serrana,-1.268899072190692,0.20447706329097498,1,1
SIM,2015,Centro-Sul - Serrana,0.7481594325849396,0.45436399708938224,1,1
SIM,2015,Médio Paraíba - Serrana,0.8001080076486794,0.4236482220634778,1,1
SIM,2015,Metropolitana I - Serrana,-0.2549919287832195,0.7987293331267804,1,1
SIM,2015,Metropolitana II - Serrana,-0.03269669848500585,0.9739164567124322,1,1
SIM,2015,Noroeste - Serrana,0.261244116306165,0.7939042591023275,1,1
SIM,2015,Norte - Serrana,-1.8052751610338316,0.07103163452624714,1,1
SIM,2016,Baía da Ilha Grande - Baixada Litorânea,0.549947116724494,0.582355646092917,1,1
SIM,2016,Baía da Ilha Grande - Centro-Sul,-0.44564680148364194,0.6558523979805764,1,1
SIM,2016,Baixada Litorânea - Centro-Sul,-1.465474567597437,0.14279148615168014,1,1
SIM,2016,Baía da Ilha Grande - Médio Paraíba,0.2078969248685484,0.8353094503162592,1,1
SIM,2016,Baixada Litorânea - Médio Paraíba,-0.5320790161163937,0.5946712701307837,1,1
SIM,2016,Centro-Sul - Médio Paraíba,0.9985592494239164,0.3180082490579218,1,1
SIM,2016,Baía da Ilha Grande - Metropolitana I,-0.029008873237471908,0.9768575137535441,1,1
SIM,2016,Baixada Litorânea - Metropolitana I,-0.8892279447424657,0.3738805872726573,1,1
SIM,2016,Centro-Sul - Metropolitana I,0.6414103207978444,0.5212561292139805,1,1
SIM,2016,Médio Paraíba - Metropolitana I,-0.37458095645751416,0.7079721380846744,1,1
SIM,2016,Baía da Ilha Grande - Metropolitana II,-0.3745029431365694,0.7080301673469036,1,1
SIM,2016,Baixada Litorânea - Metropolitana II,-1.3312956551252175,0.18309174731001182,1,1
SIM,2016,Centro-Sul - Metropolitana II,0.09509254679465819,0.9242413180461141,1,1
SIM,2016,Médio Paraíba - Metropolitana II,-0.8705251663895605,0.3840134721919843,1,1
SIM,2016,Metropolitana I - Metropolitana II,-0.5237305879091668,0.6004659376136519,1,1
SIM,2016,Baía da Ilha Grande - Noroeste,-0.4377697936169216,0.6615531698183921,1,1
SIM,2016,Baixada Litorânea - Noroeste,-1.5273005352582434,0.1266862964546493,1,1
SIM,2016,Centro-Sul - Noroeste,0.030819965958126038,0.9754131174507378,1,1
SIM,2016,Médio Paraíba - Noroeste,-1.0356553884608537,0.30036294180808165,1,1
SIM,2016,Metropolitana I - Noroeste,-0.6536562671814309,0.5133332845964422,1,1
SIM,2016,Metropolitana II - Noroeste,-0.07086343443553506,0.9435064452774635,1,1
SIM,2016,Baía da Ilha Grande - Norte,-0.31208578594714104,0.7549753286145675,1,1
SIM,2016,Baixada Litorânea - Norte,-1.2407313248445904,0.21470501832947414,1,1
SIM,2016,Centro-Sul - Norte,0.18565687707528547,0.852713847401543,1,1
SIM,2016,Médio Paraíba - Norte,-0.7761592946942149,0.43765493697678237,1,1
SIM,2016,Metropolitana I - Norte,-0.4293647162138213,0.6676578269913311,1,1
SIM,2016,Metropolitana II - Norte,0.08827119022206294,0.9296611364245259,1,1
SIM,2016,Noroeste - Norte,0.16682433523365606,0.8675082702563345,1,1
SIM,2016,Baía da Ilha Grande - Serrana,-0.07007710199999863,0.9441322918450501,1,1
SIM,2016,Baixada Litorânea - Serrana,-0.9820400151373987,0.3260801350835777,1,1
SIM,2016,Centro-Sul - Serrana,0.6008534303143299,0.5479376132102791,1,1
SIM,2016,Médio Paraíba - Serrana,-0.45445228196475934,0.6495033296305657,1,1
SIM,2016,Metropolitana I - Serrana,-0.06573125275300759,0.9475917901115396,1,1
SIM,2016,Metropolitana II - Serrana,0.4800153607373198,0.631216470589154,1,1
SIM,2016,Noroeste - Serrana,0.6122408124475781,0.5403784428847214,1,1
SIM,2016,Norte - Serrana,0.3826209397181533,0.7020008420070747,1,1
SIM,2017,Baía da Ilha Grande - Baixada Litorânea,-0.5897708734528198,0.5553442723750149,1,1
SIM,2017,Baía da Ilha Grande - Centro-Sul,-3.0759111149211367,0.00209860395456067,0.07554974236418413,1
SIM,2017,Baixada Litorânea - Centro-Sul,-3.6594993488004572,2.527084853152038e-4,0.009097505471347337,0.2820226696117674
SIM,2017,Baía da Ilha Grande - Médio Paraíba,-2.0354559388292786,0.04180501767590639,1,1
SIM,2017,Baixada Litorânea - Médio Paraíba,-2.1618443312345517,0.03063017713709576,1,1
SIM,2017,Centro-Sul - Médio Paraíba,1.6603780804289656,0.09683841692359486,1,1
SIM,2017,Baía da Ilha Grande - Metropolitana I,-1.1216764318489136,0.2620000408650476,1,1
SIM,2017,Baixada Litorânea - Metropolitana I,-0.7842698922482727,0.43288176191172023,1,1
SIM,2017,Centro-Sul - Metropolitana I,3.037952519415245,0.002381914812129535,0.08574893323666326,1
SIM,2017,Médio Paraíba - Metropolitana I,1.444812260621842,0.1485106262871467,1,1
SIM,2017,Baía da Ilha Grande - Metropolitana II,-1.4293528996379055,0.15290282871028874,1,1
SIM,2017,Baixada Litorânea - Metropolitana II,-1.2289579619081086,0.21908756783259906,1,1
SIM,2017,Centro-Sul - Metropolitana II,2.332937148028953,0.019651444317606497,0.7074519954338339,1
SIM,2017,Médio Paraíba - Metropolitana II,0.8186239369571202,0.4130010056669197,1,1
SIM,2017,Metropolitana I - Metropolitana II,-0.5190122943243994,0.6037521678653786,1,1
SIM,2017,Baía da Ilha Grande - Noroeste,-1.793057099883007,0.0729637943523902,1,1
SIM,2017,Baixada Litorânea - Noroeste,-1.8074197814109882,0.0706968519406303,1,1
SIM,2017,Centro-Sul - Noroeste,2.0834296987693173,0.03721207353509119,1,1
SIM,2017,Médio Paraíba - Noroeste,0.41318272301651887,0.6794727452549864,1,1
SIM,2017,Metropolitana I - Noroeste,-1.0602424590612567,0.2890343093550326,1,1
SIM,2017,Metropolitana II - Noroeste,-0.4510162337511674,0.6519778488887875,1,1
SIM,2017,Baía da Ilha Grande - Norte,-0.792697896305738,0.42795385626667,1,1
SIM,2017,Baixada Litorânea - Norte,-0.3052017930457127,0.7602124668647219,1,1
SIM,2017,Centro-Sul - Norte,3.2566933168913486,0.0011271814630670787,0.040578532670414835,1
SIM,2017,Médio Paraíba - Norte,1.7811558282496427,0.07488699747962035,1,1
SIM,2017,Metropolitana I - Norte,0.4435195969681229,0.6573899477172935,1,1
SIM,2017,Metropolitana II - Norte,0.9003661402650396,0.36792543375044007,1,1
SIM,2017,Noroeste - Norte,1.429817421891999,0.15276942749311412,1,1
SIM,2017,Baía da Ilha Grande - Serrana,-0.7203926085599863,0.47128329964727333,1,1
SIM,2017,Baixada Litorânea - Serrana,-0.16927268681973542,0.8655821587062373,1,1
SIM,2017,Centro-Sul - Serrana,3.7834383741082958,1.5467663517778856e-4,0.005568358866400388,0.17261912485841202
SIM,2017,Médio Paraíba - Serrana,2.1747978281555462,0.02964526992360325,1,1
SIM,2017,Metropolitana I - Serrana,0.6754452869102165,0.4993929013866747,1,1
SIM,2017,Metropolitana II - Serrana,1.157602261256376,0.2470263860551771,1,1
SIM,2017,Noroeste - Serrana,1.7918461474251104,0.07315761434500945,1,1
SIM,2017,Norte - Serrana,0.16417916686088027,0.8695901009947378,1,1
SIM,2018,Baía da Ilha Grande - Baixada Litorânea,0.19342967553758061,0.846622476547082,1,1
SIM,2018,Baía da Ilha Grande - Centro-Sul,-1.695354215005854,0.09000824585732026,1,1
SIM,2018,Baixada Litorânea - Centro-Sul,-2.7802146082419945,0.005432298508301026,0.19556274629883694,1
SIM,2018,Baía da Ilha Grande - Médio Paraíba,-1.416599976429878,0.15659991543284324,1,1
SIM,2018,Baixada Litorânea - Médio Paraíba,-2.4329859668445497,0.014974881257966331,0.539095725286788,1
SIM,2018,Centro-Sul - Médio Paraíba,0.47085348549478107,0.6377453666575408,1,1
SIM,2018,Baía da Ilha Grande - Metropolitana I,-1.0008061266927808,0.3169205469853991,1,1
SIM,2018,Baixada Litorânea - Metropolitana I,-1.8061531533375659,0.07089442011621672,1,1
SIM,2018,Centro-Sul - Metropolitana I,1.097686299001765,0.27234149450940537,1,1
SIM,2018,Médio Paraíba - Metropolitana I,0.6574278011295152,0.510905880455558,1,1
SIM,2018,Baía da Ilha Grande - Metropolitana II,-0.998674515030851,0.3179523901003212,1,1
SIM,2018,Baixada Litorânea - Metropolitana II,-1.726156135148751,0.08431932711528396,1,1
SIM,2018,Centro-Sul - Metropolitana II,0.9799060536363842,0.3271324944984255,1,1
SIM,2018,Médio Paraíba - Metropolitana II,0.5638360833796879,0.572865692386729,1,1
SIM,2018,Metropolitana I - Metropolitana II,-0.04482378905528909,0.9642477632226891,1,1
SIM,2018,Baía da Ilha Grande - Noroeste,-0.6746452298890914,0.4999011895736535,1,1
SIM,2018,Baixada Litorânea - Noroeste,-1.3300527531262372,0.1835008908402951,1,1
SIM,2018,Centro-Sul - Noroeste,1.6259244263242463,0.10396573317133845,1,1
SIM,2018,Médio Paraíba - Noroeste,1.2047664594197192,0.2282934715288725,1,1
SIM,2018,Metropolitana I - Noroeste,0.5343190220721602,0.5931208337528915,1,1
SIM,2018,Metropolitana II - Noroeste,0.5388573660202164,0.5899852769477036,1,1
SIM,2018,Baía da Ilha Grande - Norte,-0.29960235450925543,0.7644804879966396,1,1
SIM,2018,Baixada Litorânea - Norte,-0.7118356360057285,0.4765665626351751,1,1
SIM,2018,Centro-Sul - Norte,1.9942265527794067,0.04612730161630217,1,1
SIM,2018,Médio Paraíba - Norte,1.6207338463675551,0.1050747314725114,1,1
SIM,2018,Metropolitana I - Norte,1.0120739739325781,0.3115026852644058,1,1
SIM,2018,Metropolitana II - Norte,0.9886373304871019,0.3228406148409389,1,1
SIM,2018,Noroeste - Norte,0.5359047229187357,0.5920244001880741,1,1
SIM,2018,Baía da Ilha Grande - Serrana,-1.278206340479976,0.20117668110519665,1,1
SIM,2018,Baixada Litorânea - Serrana,-2.2716136139625625,0.023109857892435148,0.8319548841276653,1
SIM,2018,Centro-Sul - Serrana,0.7313613796944309,0.4645584483198212,1,1
SIM,2018,Médio Paraíba - Serrana,0.25725852370573654,0.7969792084088934,1,1
SIM,2018,Metropolitana I - Serrana,-0.42498654797203234,0.6708464810780204,1,1
SIM,2018,Metropolitana II - Serrana,-0.34505452018218896,0.7300533836189953,1,1
SIM,2018,Noroeste - Serrana,-0.9894153443742707,0.32245997011106364,1,1
SIM,2018,Norte - Serrana,-1.4358720355968506,0.15103875713323353,1,1
SIM,2019,Baía da Ilha Grande - Baixada Litorânea,-0.12705674765703814,0.8988954843088395,1,1
SIM,2019,Baía da Ilha Grande - Centro-Sul,-1.8736129355993103,0.06098379381311967,1,1
SIM,2019,Baixada Litorânea - Centro-Sul,-2.5708610985852176,0.0101446006127216,0.3652056220579776,1
SIM,2019,Baía da Ilha Grande - Médio Paraíba,-0.8896054459491385,0.3736777809633323,1,1
SIM,2019,Baixada Litorânea - Médio Paraíba,-1.1457920730616036,0.2518811958663,1,1
SIM,2019,Centro-Sul - Médio Paraíba,1.5393847699148258,0.12371038993428687,1,1
SIM,2019,Baía da Ilha Grande - Metropolitana I,-0.546333779305721,0.5848365206188033,1,1
SIM,2019,Baixada Litorânea - Metropolitana I,-0.6282905642360704,0.5298136117645855,1,1
SIM,2019,Centro-Sul - Metropolitana I,2.056886278740359,0.03969716614927596,1,1
SIM,2019,Médio Paraíba - Metropolitana I,0.542760161397623,0.5872949460437067,1,1
SIM,2019,Baía da Ilha Grande - Metropolitana II,-0.892565347808823,0.37208998305626007,1,1
SIM,2019,Baixada Litorânea - Metropolitana II,-1.1130356191489064,0.26569313201510497,1,1
SIM,2019,Centro-Sul - Metropolitana II,1.389256826504818,0.16475466718945647,1,1
SIM,2019,Médio Paraíba - Metropolitana II,-0.04718293584767279,0.9623674275949748,1,1
SIM,2019,Metropolitana I - Metropolitana II,-0.5496812026253863,0.5825380519450434,1,1
SIM,2019,Baía da Ilha Grande - Noroeste,-1.0629410399808128,0.2878086901202583,1,1
SIM,2019,Baixada Litorânea - Noroeste,-1.419773098471004,0.1556737491428742,1,1
SIM,2019,Centro-Sul - Noroeste,1.3136154379485694,0.18897565083030318,1,1
SIM,2019,Médio Paraíba - Noroeste,-0.26625998406289475,0.7900389890969122,1,1
SIM,2019,Metropolitana I - Noroeste,-0.8197689148963446,0.41234785496538395,1,1
SIM,2019,Metropolitana II - Noroeste,-0.19782708779920266,0.8431803519844243,1,1
SIM,2019,Baía da Ilha Grande - Norte,-1.0610916722202792,0.2886482421098767,1,1
SIM,2019,Baixada Litorânea - Norte,-1.3575593109065995,0.17460356143864397,1,1
SIM,2019,Centro-Sul - Norte,1.144733134747125,0.2523197211812924,1,1
SIM,2019,Médio Paraíba - Norte,-0.30197078942510513,0.7626743307544038,1,1
SIM,2019,Metropolitana I - Norte,-0.8044690562028187,0.42112613327308185,1,1
SIM,2019,Metropolitana II - Norte,-0.23833221359956924,0.8116234382363644,1,1
SIM,2019,Noroeste - Norte,-0.06126734435572333,0.9511462973560957,1,1
SIM,2019,Baía da Ilha Grande - Serrana,-0.7007710199999866,0.4834459263533794,1,1
SIM,2019,Baixada Litorânea - Serrana,-0.8747909082210776,0.3816876850392927,1,1
SIM,2019,Centro-Sul - Serrana,1.9020564503713828,0.05716377503048872,1,1
SIM,2019,Médio Paraíba - Serrana,0.32638966884252096,0.7441295530053269,1,1
SIM,2019,Metropolitana I - Serrana,-0.23685916940307888,0.8127660467828921,1,1
SIM,2019,Metropolitana II - Serrana,0.3492285667972964,0.726917721481716,1,1
SIM,2019,Noroeste - Serrana,0.6101038462610247,0.5417930189326393,1,1
SIM,2019,Norte - Serrana,0.6121935035490452,0.5404097392551629,1,1
SIM,2020,Baía da Ilha Grande - Baixada Litorânea,0.33565737813874286,0.7371292501450851,1,1
SIM,2020,Baía da Ilha Grande - Centro-Sul,-1.5588156205087385,0.1190400260007081,1,1
SIM,2020,Baixada Litorânea - Centro-Sul,-2.7885887486282654,0.005293824071577194,0.19057766657677896,1
SIM,2020,Baía da Ilha Grande - Médio Paraíba,-0.807413638442968,0.4194282119594745,1,1
SIM,2020,Baixada Litorânea - Médio Paraíba,-1.7332656168832652,0.08304846902529738,1,1
SIM,2020,Centro-Sul - Médio Paraíba,1.1793203398305818,0.23827064199904543,1,1
SIM,2020,Baía da Ilha Grande - Metropolitana I,-0.42062866194334264,0.6740262608683949,1,1
SIM,2020,Baixada Litorânea - Metropolitana I,-1.1501653252488615,0.25007578481750037,1,1
SIM,2020,Centro-Sul - Metropolitana I,1.7624206314649855,0.07799825534734292,1,1
SIM,2020,Médio Paraíba - Metropolitana I,0.6115607452367583,0.5408284165171537,1,1
SIM,2020,Baía da Ilha Grande - Metropolitana II,-1.0860585350960505,0.27745309580901956,1,1
SIM,2020,Baixada Litorânea - Metropolitana II,-2.05671594067304,0.03971355790227508,1,1
SIM,2020,Centro-Sul - Metropolitana II,0.6574970378373519,0.5108613750162754,1,1
SIM,2020,Médio Paraíba - Metropolitana II,-0.4600336245148088,0.6454920856635394,1,1
SIM,2020,Metropolitana I - Metropolitana II,-1.0262288546868803,0.3047837233757921,1,1
SIM,2020,Baía da Ilha Grande - Noroeste,-1.142399255945528,0.25328810041391425,1,1
SIM,2020,Baixada Litorânea - Noroeste,-2.2649250538560586,0.02351727903040461,0.8466220450945661,1
SIM,2020,Centro-Sul - Noroeste,0.699955671315661,0.48395498848774526,1,1
SIM,2020,Médio Paraíba - Noroeste,-0.5259234369890965,0.5989414041256498,1,1
SIM,2020,Metropolitana I - Noroeste,-1.149595471731012,0.25031052411544114,1,1
SIM,2020,Metropolitana II - Noroeste,-0.017715858608883764,0.9858655292929557,1,1
SIM,2020,Baía da Ilha Grande - Norte,0.1310760300977991,0.895715162757464,1,1
SIM,2020,Baixada Litorânea - Norte,-0.29071150020081277,0.7712719754126036,1,1
SIM,2020,Centro-Sul - Norte,2.423501478309579,0.015371690699268713,0.5533808651736737,1
SIM,2020,Médio Paraíba - Norte,1.380100873544425,0.16755558837305826,1,1
SIM,2020,Metropolitana I - Norte,0.8139056433723532,0.4156990075063299,1,1
SIM,2020,Metropolitana II - Norte,1.7212882093302224,0.0851985379668175,1,1
SIM,2020,Noroeste - Norte,1.888953424172238,0.0588980699142584,1,1
SIM,2020,Baía da Ilha Grande - Serrana,-1.152067556879978,0.24929331356436407,1,1
SIM,2020,Baixada Litorânea - Serrana,-2.3039175618289236,0.021227271676782893,0.7641817803641842,1
SIM,2020,Centro-Sul - Serrana,0.7081025372306509,0.47888158411712434,1,1
SIM,2020,Médio Paraíba - Serrana,-0.5383162940979076,0.5903587041076084,1,1
SIM,2020,Metropolitana I - Serrana,-1.172962872402809,0.24081069475002057,1,1
SIM,2020,Metropolitana II - Serrana,-0.020870233075535236,0.9833491720149485,1,1
SIM,2020,Noroeste - Serrana,-0.003205449279829894,0.997442425888993,1,1
SIM,2020,Norte - Serrana,-1.920061442949277,0.054850138814646336,1,1
SIM,2021,Baía da Ilha Grande - Baixada Litorânea,-0.6163200446050366,0.5376833120046668,1,1
SIM,2021,Baía da Ilha Grande - Centro-Sul,-2.0499752868247527,0.04036684248390977,1,1
SIM,2021,Baixada Litorânea - Centro-Sul,-2.1102833773403096,0.03483395451080431,1,1
SIM,2021,Baía da Ilha Grande - Médio Paraíba,-0.957292816836573,0.3384194799385676,1,1
SIM,2021,Baixada Litorânea - Médio Paraíba,-0.49563524788924307,0.6201517794837546,1,1
SIM,2021,Centro-Sul - Médio Paraíba,1.7084838544888037,0.08754659969065982,1,1
SIM,2021,Baía da Ilha Grande - Metropolitana I,-0.928283943599101,0.3532603006685696,1,1
SIM,2021,Baixada Litorânea - Metropolitana I,-0.45190272601666276,0.6513390605310247,1,1
SIM,2021,Centro-Sul - Metropolitana I,1.752216376361384,0.07973660875068789,1,1
SIM,2021,Médio Paraíba - Metropolitana I,0.04586705589275689,0.9634162121183143,1,1
SIM,2021,Baía da Ilha Grande - Metropolitana II,-1.1172671136907648,0.26388013226434676,1,1
SIM,2021,Baixada Litorânea - Metropolitana II,-0.7380992917871104,0.4604541140999444,1,1
SIM,2021,Centro-Sul - Metropolitana II,1.3158997189775108,0.18820770310382626,1,1
SIM,2021,Médio Paraíba - Metropolitana II,-0.28781590867080353,0.7734876590597601,1,1
SIM,2021,Metropolitana I - Metropolitana II,-0.3302805509337089,0.7411879872690195,1,1
SIM,2021,Baía da Ilha Grande - Noroeste,-0.45126269821470355,0.651800225936974,1,1
SIM,2021,Baixada Litorânea - Noroeste,0.2773796936231337,0.7814885722701294,1,1
SIM,2021,Centro-Sul - Noroeste,2.521073215374706,0.011699750562096808,0.4211910202354851,1
SIM,2021,Médio Paraíba - Noroeste,0.8215679688427153,0.4113228256639286,1,1
SIM,2021,Metropolitana I - Noroeste,0.7747925662370716,0.4384622426166871,1,1
SIM,2021,Metropolitana II - Noroeste,1.0511409441271071,0.2931938615957564,1,1
SIM,2021,Baía da Ilha Grande - Norte,-0.1934931872872277,0.84657274100017,1,1
SIM,2021,Baixada Litorânea - Norte,0.6022527963661695,0.5470058766499502,1,1
SIM,2021,Centro-Sul - Norte,2.656251807130791,0.007901458975726455,0.2844525231261524,1
SIM,2021,Médio Paraíba - Norte,1.1087989924203068,0.2675169052519835,1,1
SIM,2021,Metropolitana I - Norte,1.0663343501574014,0.28627252689005267,1,1
SIM,2021,Metropolitana II - Norte,1.3064136152865276,0.19141193818967142,1,1
SIM,2021,Noroeste - Norte,0.36908038768507967,0.7120678069321814,1,1
SIM,2021,Baía da Ilha Grande - Serrana,-0.43587957443999176,0.6629241054007275,1,1
SIM,2021,Baixada Litorânea - Serrana,0.3101178995170735,0.7564713009873718,1,1
SIM,2021,Centro-Sul - Serrana,2.589484460967563,0.009611976084438204,0.34603113903977534,1
SIM,2021,Médio Paraíba - Serrana,0.865839260401687,0.3865783158424139,1,1
SIM,2021,Metropolitana I - Serrana,0.8182407670288194,0.4132197210919525,1,1
SIM,2021,Metropolitana II - Serrana,1.0942958875939182,0.2738252283540655,1,1
SIM,2021,Noroeste - Serrana,0.030451768158387793,0.9757067589569242,1,1
SIM,2021,Norte - Serrana,-0.3471415434897421,0.7284849846096679,1,1
SIM,2022,Baía da Ilha Grande - Baixada Litorânea,0.09102572966474394,0.9274721466050717,1,1
SIM,2022,Baía da Ilha Grande - Centro-Sul,-0.5290870536763235,0.5967450619068257,1,1
SIM,2022,Baixada Litorânea - Centro-Sul,-0.9127813021035464,0.3613575741081347,1,1
SIM,2022,Baía da Ilha Grande - Médio Paraíba,-1.2860600468612544,0.19842210625929138,1,1
SIM,2022,Baixada Litorânea - Médio Paraíba,-2.0787525396766497,0.03764010115814052,1,1
SIM,2022,Centro-Sul - Médio Paraíba,-1.1253835628543996,0.2604265333183038,1,1
SIM,2022,Baía da Ilha Grande - Metropolitana I,-1.3440777933361983,0.178923232218321,1,1
SIM,2022,Baixada Litorânea - Metropolitana I,-2.16621758342181,0.030294564103984196,1,1
SIM,2022,Centro-Sul - Metropolitana I,-1.21284860659956,0.22518770779549369,1,1
SIM,2022,Médio Paraíba - Metropolitana I,-0.09173411178551379,0.9269092943617924,1,1
SIM,2022,Baía da Ilha Grande - Metropolitana II,-1.8100975584934174,0.07028065954391484,1,1
SIM,2022,Baixada Litorânea - Metropolitana II,-2.7567782137422867,0.0058373930144966935,0.21014614852188096,1
SIM,2022,Centro-Sul - Metropolitana II,-1.8683421336893358,0.061714397287124606,1,1
SIM,2022,Médio Paraíba - Metropolitana II,-0.8540111388428752,0.3930988176237446,1,1
SIM,2022,Metropolitana I - Metropolitana II,-0.7690818543170643,0.44184471956255217,1,1
SIM,2022,Baía da Ilha Grande - Noroeste,-1.4887171406219282,0.1365618694410019,1,1
SIM,2022,Baixada Litorânea - Noroeste,-2.4094364497930494,0.01597717834357867,0.5751784203688322,1
SIM,2022,Centro-Sul - Noroeste,-1.4389499661782823,0.1501646992193633,1,1
SIM,2022,Médio Paraíba - Noroeste,-0.30823790947821605,0.757901308223088,1,1
SIM,2022,Metropolitana I - Noroeste,-0.2146871042669287,0.8300112774627557,1,1
SIM,2022,Metropolitana II - Noroeste,0.5838851733177962,0.5592975690795237,1,1
SIM,2022,Baía da Ilha Grande - Norte,-0.5679961304237967,0.5700375954637487,1,1
SIM,2022,Baixada Litorânea - Norte,-0.9545480411578093,0.3398063036583998,1,1
SIM,2022,Centro-Sul - Norte,-0.06611196110485822,0.9472886881021502,1,1
SIM,2022,Médio Paraíba - Norte,1.023869707894496,0.3058968197627686,1,1
SIM,2022,Metropolitana I - Norte,1.1087989924203068,0.2675169052519835,1,1
SIM,2022,Metropolitana II - Norte,1.7565966854190471,0.07898657835539476,1,1
SIM,2022,Noroeste - Norte,1.325736752564806,0.18492690917587695,1,1
SIM,2022,Baía da Ilha Grande - Serrana,-1.164681435239978,0.24414796640610809,1,1
SIM,2022,Baixada Litorânea - Serrana,-1.934360398237745,0.05306883196373093,1,1
SIM,2022,Centro-Sul - Serrana,-0.9484439093563828,0.34290351485103615,1,1
SIM,2022,Médio Paraíba - Serrana,0.22665949225175042,0.8206885278253854,1,1
SIM,2022,Metropolitana I - Serrana,0.32185647899748565,0.7475614248831266,1,1
SIM,2022,Metropolitana II - Serrana,1.0901218409788107,0.2756594764899955,1,1
SIM,2022,Noroeste - Serrana,0.5518715176774415,0.581036383778025,1,1
SIM,2022,Norte - Serrana,-0.8480271373025972,0.3964228577456748,1,1
SIM,2023,Baía da Ilha Grande - Baixada Litorânea,-0.48167781947593635,0.6300348350705005,1,1
SIM,2023,Baía da Ilha Grande - Centro-Sul,-1.5398519268285835,0.12359645112592907,1,1
SIM,2023,Baixada Litorânea - Centro-Sul,-1.5575901118464186,0.11933044419165023,1,1
SIM,2023,Baía da Ilha Grande - Médio Paraíba,-1.4794525351110674,0.13901940815261032,1,1
SIM,2023,Baixada Litorânea - Médio Paraíba,-1.489821245125902,0.13627124343828334,1,1
SIM,2023,Centro-Sul - Médio Paraíba,0.13702856853408457,0.8910082136767935,1,1
SIM,2023,Baía da Ilha Grande - Metropolitana I,-1.871072323816938,0.06133505710091182,1,1
SIM,2023,Baixada Litorânea - Metropolitana I,-2.080210290405736,0.037506248799117306,1,1
SIM,2023,Centro-Sul - Metropolitana I,-0.4533604767457493,0.6502891913730701,1,1
SIM,2023,Médio Paraíba - Metropolitana I,-0.619205254552218,0.5357811507226055,1,1
SIM,2023,Baía da Ilha Grande - Metropolitana II,-2.028557608656416,0.04250337000485649,1,1
SIM,2023,Baixada Litorânea - Metropolitana II,-2.253240537382,0.02424398671889581,0.8727835218802491,1
SIM,2023,Centro-Sul - Metropolitana II,-0.737193648484304,0.46100459540592603,1,1
SIM,2023,Médio Paraíba - Metropolitana II,-0.9011940746905474,0.36748514084661194,1,1
SIM,2023,Metropolitana I - Metropolitana II,-0.3279214041413246,0.7429710896161625,1,1
SIM,2023,Baía da Ilha Grande - Noroeste,-1.613151705245916,0.10671155284595159,1,1
SIM,2023,Baixada Litorânea - Noroeste,-1.7026318971533598,0.08863697693253819,1,1
SIM,2023,Centro-Sul - Noroeste,-0.046572393003390215,0.9628540353387356,1,1
SIM,2023,Médio Paraíba - Noroeste,-0.1954971955056384,0.8450037329871435,1,1
SIM,2023,Metropolitana I - Noroeste,0.4359707396705511,0.6628579592395814,1,1
SIM,2023,Metropolitana II - Noroeste,0.7359462930440491,0.4617633830072942,1,1
SIM,2023,Baía da Ilha Grande - Norte,-1.3856608896053058,0.1658504759375648,1,1
SIM,2023,Baixada Litorânea - Norte,-1.320427935491542,0.18669218176736718,1,1
SIM,2023,Centro-Sul - Norte,0.19561895340615426,0.8449084242184715,1,1
SIM,2023,Médio Paraíba - Norte,0.07077440377150918,0.9435773035582752,1,1
SIM,2023,Metropolitana I - Norte,0.6440470743207319,0.5195449087762012,1,1
SIM,2023,Metropolitana II - Norte,0.9091932592872455,0.3632481217045016,1,1
SIM,2023,Noroeste - Norte,0.25245098517659426,0.8006924954779313,1,1
SIM,2023,Baía da Ilha Grande - Serrana,-0.745620365279986,0.4558967770874022,1,1
SIM,2023,Baixada Litorânea - Serrana,-0.3798944269084148,0.7040237844485149,1,1
SIM,2023,Centro-Sul - Serrana,1.302495177971708,0.19274716528989258,1,1
SIM,2023,Médio Paraíba - Serrana,1.2216946632369357,0.22182311520354395,1,1
SIM,2023,Metropolitana I - Serrana,1.8642743237706485,0.062283190637122524,1,1
SIM,2023,Metropolitana II - Serrana,2.0550222835044076,0.039876852448952706,1,1
SIM,2023,Noroeste - Serrana,1.4510000406698265,0.14677984888467646,1,1
SIM,2023,Norte - Serrana,1.0518597470069955,0.292863902292731,1,1
SIM,2024,Baía da Ilha Grande - Baixada Litorânea,-0.05309834230443413,0.9576535522408844,1,1
SIM,2024,Baía da Ilha Grande - Centro-Sul,-0.7869932877264314,0.43128579547240437,1,1
SIM,2024,Baixada Litorânea - Centro-Sul,-1.0802641098289678,0.2800245869958119,1,1
SIM,2024,Baía da Ilha Grande - Médio Paraíba,-0.8025788262367229,0.42221821064628906,1,1
SIM,2024,Baixada Litorânea - Médio Paraíba,-1.1282990643125712,0.2591936385164042,1,1
SIM,2024,Centro-Sul - Médio Paraíba,0,1,1,1
SIM,2024,Baía da Ilha Grande - Metropolitana I,-0.1788880516310769,0.8580256048696517,1,1
SIM,2024,Baixada Litorânea - Metropolitana I,-0.18804984405209513,0.8508375782020292,1,1
SIM,2024,Centro-Sul - Metropolitana I,0.9402492202604762,0.3470897399656443,1,1
SIM,2024,Médio Paraíba - Metropolitana I,0.9861417016942732,0.3240635824007179,1,1
SIM,2024,Baía da Ilha Grande - Metropolitana II,-0.6304132876132246,0.5284242194236275,1,1
SIM,2024,Baixada Litorânea - Metropolitana II,-0.8386256983986059,0.40167938511453577,1,1
SIM,2024,Centro-Sul - Metropolitana II,0.21282617615947377,0.8314625458223224,1,1
SIM,2024,Médio Paraíba - Metropolitana II,0.22175979848406174,0.8245008763945609,1,1
SIM,2024,Metropolitana I - Metropolitana II,-0.6912300101684041,0.4894210074208217,1,1
SIM,2024,Baía da Ilha Grande - Noroeste,-0.041977925415321506,0.9665162955691371,1,1
SIM,2024,Baixada Litorânea - Noroeste,0.019176867707278323,0.9847000111051205,1,1
SIM,2024,Centro-Sul - Noroeste,1.1677342657467733,0.24291397050090316,1,1
SIM,2024,Médio Paraíba - Noroeste,1.2269547914249606,0.21983958319067826,1,1
SIM,2024,Metropolitana I - Noroeste,0.22128363540362175,0.8248715912207065,1,1
SIM,2024,Metropolitana II - Noroeste,0.9071995929299256,0.36430125896696663,1,1
SIM,2024,Baía da Ilha Grande - Norte,0.04369201003259977,0.9651499082067189,1,1
SIM,2024,Baixada Litorânea - Norte,0.139469068632166,0.8890794966815719,1,1
SIM,2024,Centro-Sul - Norte,1.1909209431902457,0.23368462193921816,1,1
SIM,2024,Médio Paraíba - Norte,1.2409112127937911,0.2146385500994093,1,1
SIM,2024,Metropolitana I - Norte,0.3279214041413252,0.7429710896161621,1,1
SIM,2024,Metropolitana II - Norte,0.953328854398277,0.3404234762338056,1,1
SIM,2024,Noroeste - Norte,0.12917813568977837,0.8972166964332938,1,1
SIM,2024,Baía da Ilha Grande - Serrana,0.42606878015999167,0.6700577284554717,1,1
SIM,2024,Baixada Litorânea - Serrana,0.7391143271823581,0.45983757768914013,1,1
SIM,2024,Centro-Sul - Serrana,1.9059329241153464,0.05665890875305959,1,1
SIM,2024,Médio Paraíba - Serrana,2.005936506427992,0.04486302268333655,1,1
SIM,2024,Metropolitana I - Serrana,0.9825688989113384,0.3258196576259264,1,1
SIM,2024,Metropolitana II - Serrana,1.6181387377898615,0.10563270180113118,1,1
SIM,2024,Noroeste - Serrana,0.7735817595323672,0.4391781622064431,1,1
SIM,2024,Norte - Serrana,0.5662789907828661,0.5712041399692083,1,1
